periodo,operadora,valor_liquidado,valor_facturado,n_liquidaciones,ticket_promedio,valor_servicios,valor_recargos,valor_transporte_adicional,valor_pernoctes,dias_a_facturacion,pct_recargos,pct_transporte_adicional,tasa_anulacion,n_anuladas,descuento_promedio,n_items,valor_terceros,valor_items,n_anomalias,pct_terceros
2024-09-01,OPR-A,76019468.56,76019468.56,3,25339822.85,52468684.85,4449590.22,2375373.9,4350720,18.67,8.48,4.53,0.0,0,0.8,90,11752487.26,52468684.85,3,22.4
2024-09-01,OPR-B,74632626.28,74632626.28,3,24877542.09,50487894.82,5304511.54,2238754.83,4461456,22.33,10.51,4.43,0.0,0,0.57,111,13442993.05,50487894.82,1,26.63
2024-10-01,OPR-A,53630514.5,53630514.5,2,26815257.25,35802949.37,4586342.77,1870515.55,2620800,16.5,12.81,5.22,33.33,1,0.49,71,9248294.95,35802949.37,2,25.83
2024-10-01,OPR-B,128179958.2,57756737.84,3,42726652.73,93365017.18,4748619.08,3301125.75,5969376,18.5,5.09,3.54,0.0,0,0.36,105,12823398.65,93365017.18,6,13.73
2024-11-01,OPR-A,66098192.39,50217115.17,3,22032730.8,43847037.98,4858945.47,3052505.48,3480960,12.5,11.08,6.96,0.0,0,0.7,100,12906979.19,43847037.98,0,29.44
2024-11-01,OPR-B,52656390.22,22523210.48,2,26328195.11,37265288.01,3361932.51,1363097.17,2122440,8.0,9.02,3.66,0.0,0,0.58,63,15695551.45,37265288.01,4,42.12
2024-12-01,OPR-A,76720667.41,0.0,3,25573555.8,53150310.04,4850623.67,2656413.97,3548160,,9.13,5.0,0.0,0,0.41,119,24328110.06,53150310.04,7,45.77
2024-12-01,OPR-B,34162488.94,22832042.92,3,11387496.31,22287113.35,2692054.75,1684282.55,1876095,20.5,12.08,7.56,0.0,0,0.5,63,9169009.7,22287113.35,9,41.14
2025-01-01,OPR-A,66788526.89,66788526.89,2,33394263.44,45711075.13,4283148.94,2670634.03,3192891,18.0,9.37,5.84,0.0,0,0.52,73,18476775.73,45711075.13,3,40.42
2025-01-01,OPR-B,59307773.75,39216658.55,3,19769257.92,40072431.41,4533361.3,2308343.29,2693495,18.5,11.31,5.76,0.0,0,0.33,90,15821738.19,40072431.41,6,39.48
2025-02-01,OPR-A,79481844.91,79481844.91,3,26493948.3,53099982.71,5280063.53,3680374.61,4363008,18.67,9.94,6.93,0.0,0,0.74,105,16190488.41,53099982.71,2,30.49
2025-02-01,OPR-B,79988139.45,41236715.41,3,26662713.15,55656508.43,4801427.12,1929840.32,4636164,16.5,8.63,3.47,0.0,0,0.74,83,13474991.31,55656508.43,3,24.21
2025-03-01,OPR-A,115825255.29,115825255.29,3,38608418.43,80953154.59,6345211.66,3646735.5,6022372,15.67,7.84,4.5,0.0,0,0.46,101,38169372.78,80953154.59,5,47.15
2025-03-01,OPR-B,76950034.88,25600960.72,3,25650011.63,53631015.97,5231587.02,2523243.52,3025724,11.0,9.75,4.7,0.0,0,0.54,86,10522831.16,53631015.97,3,19.62
2025-04-01,OPR-A,66742250.2,66742250.2,3,22247416.73,46598552.27,3787428.15,2034078.28,3462458,10.0,8.13,4.37,0.0,0,0.53,68,14097682.04,46598552.27,2,30.25
2025-04-01,OPR-B,78411077.52,34288100.6,3,26137025.84,51579515.55,6014189.07,3105345.61,4882077,16.0,11.66,6.02,0.0,0,0.55,111,13396238.65,51579515.55,1,25.97
2025-05-01,OPR-A,90378879.1,23828201.04,3,30126293.03,56717048.18,7564218.79,4039056.3,7224409,22.0,13.34,7.12,0.0,0,0.57,111,11600504.98,56717048.18,0,20.45
2025-05-01,OPR-B,36414436.62,36414436.62,2,18207218.31,26063700.53,2105027.35,1104857.3,1216296,9.0,8.08,4.24,33.33,1,0.57,40,13074735.59,26063700.53,1,50.16
2025-06-01,OPR-A,112284619.81,112284619.81,3,37428206.6,79473140.95,6471992.38,3214110.94,4876168,24.67,8.14,4.04,0.0,0,0.42,109,20440332.71,79473140.95,3,25.72
2025-06-01,OPR-B,72226221.67,48043661.01,3,24075407.22,48558846.75,4835600.4,2658718.88,4375266,20.5,9.96,5.48,0.0,0,0.83,80,11097454.83,48558846.75,2,22.85
2025-07-01,OPR-A,65699601.24,0.0,2,32849800.62,41720830.83,5325069.26,2672909.87,5223648,,12.76,6.41,0.0,0,0.52,83,7511649.47,41720830.83,0,18.0
2025-07-01,OPR-B,121084254.85,82672222.51,3,40361418.28,87268190.16,6294657.52,4003340.89,3784952,14.0,7.21,4.59,0.0,0,0.33,115,26206633.65,87268190.16,5,30.03
2025-08-01,OPR-A,73951657.49,73951657.49,2,36975828.74,50404960.62,5575181.11,2813671.14,3069070,19.0,11.06,5.58,0.0,0,0.67,82,16002246.4,50404960.62,2,31.75
2025-08-01,OPR-B,23745305.93,23745305.93,1,23745305.93,15398034.26,1777980.48,988042.6,1691177,19.0,11.55,6.42,0.0,0,0.35,29,2782947.14,15398034.26,1,18.07
2025-09-01,OPR-A,85846998.27,85846998.27,3,28615666.09,55388020.27,7943288.36,3520860.04,4936080,13.0,14.34,6.36,0.0,0,0.51,97,16984833.35,55388020.27,0,30.67
2025-09-01,OPR-B,86930239.24,0.0,3,28976746.41,62421673.72,5000153.34,2480767.41,2899950,,8.01,3.97,0.0,0,0.59,87,17457848.3,62421673.72,2,27.97
2025-10-01,OPR-A,66969618.56,66969618.56,2,33484809.28,47879838.43,4076033.33,1450442.39,2725632,22.5,8.51,3.03,33.33,1,0.89,69,16237441.21,47879838.43,3,33.91
2025-10-01,OPR-B,99831769.44,45189520.22,3,33277256.48,71382562.94,4418996.96,3413486.67,4335848,21.5,6.19,4.78,0.0,0,0.67,89,25551058.27,71382562.94,3,35.79
2025-11-01,OPR-A,47157713.32,47157713.32,2,23578856.66,31427043.33,3594305.54,2498149.68,1859017,20.0,11.44,7.95,0.0,0,0.19,60,14104002.15,31427043.33,2,44.88
2025-11-01,OPR-B,72566690.98,41410840.66,3,24188896.99,47089190.01,5932201.05,3305718.65,4322731,26.5,12.6,7.02,0.0,0,0.73,112,14702568.57,47089190.01,0,31.22
2025-12-01,OPR-A,80797943.4,80797943.4,3,26932647.8,57008334.81,4198095.58,2728095.49,3690096,19.33,7.36,4.79,0.0,0,0.53,91,24615564.51,57008334.81,6,43.18
2025-12-01,OPR-B,79598170.38,29373703.16,3,26532723.46,53273641.13,5583600.36,3031652.1,4697160,9.0,10.48,5.69,0.0,0,0.53,137,20157890.28,53273641.13,10,37.84
2026-01-01,OPR-A,72741593.66,72741593.66,3,24247197.89,47856842.79,5849506.55,2644007.53,4512632,19.33,12.22,5.52,0.0,0,0.39,131,14796211.8,47856842.79,0,30.92
2026-01-01,OPR-B,30014163.01,0.0,2,15007081.5,19247515.62,1842290.97,1209958.3,2801225,,9.57,6.29,33.33,1,0.61,62,4339816.86,19247515.62,0,22.55
2026-02-01,OPR-A,55664200.99,37523112.42,3,18554733.66,36224246.88,4330953.35,2158546.59,3847038,17.0,11.96,5.96,0.0,0,0.45,81,6922547.18,36224246.88,1,19.11
2026-02-01,OPR-B,103472556.03,82657926.13,3,34490852.01,71570500.85,6108069.94,3625405.43,5285211,25.0,8.53,5.07,0.0,0,0.41,122,20470828.74,71570500.85,3,28.6
2026-03-01,OPR-A,69296121.77,48487238.33,3,23098707.26,45599392.46,5557048.5,3094578.32,3671558,11.5,12.19,6.79,0.0,0,0.37,98,11756045.91,45599392.46,0,25.78
2026-03-01,OPR-B,72138495.05,0.0,3,24046165.02,47269821.79,6358142.45,3311687.13,3349764,,13.45,7.01,0.0,0,0.54,99,11793731.65,47269821.79,0,24.95
2026-04-01,OPR-A,65050921.82,50577484.06,3,21683640.61,42661458.91,4939387.14,2762921.94,4024580,21.0,11.58,6.48,0.0,0,0.53,75,10392038.12,42661458.91,2,24.36
2026-04-01,OPR-B,18469733.45,0.0,1,18469733.45,12549032.17,1337819.1,580339.22,995560,,10.66,4.62,50.0,1,0.42,30,1738996.67,12549032.17,0,13.86
2026-05-01,OPR-A,85248805.41,0.0,2,42624402.7,62252101.65,4428251.57,2263834.89,2467080,,7.11,3.64,0.0,0,0.18,65,4834706.22,62252101.65,2,7.77
2026-05-01,OPR-B,90585385.93,29701078.09,3,30195128.64,61007917.25,6568679.35,3360567.68,4848952,28.0,10.77,5.51,0.0,0,0.48,117,17838691.86,61007917.25,1,29.24
2026-06-01,OPR-A,71462781.5,20990271.52,3,23820927.17,49211054.2,5091232.01,2189160.31,3342395,18.0,10.35,4.45,0.0,0,1.04,77,11318196.2,49211054.2,4,23.0
2026-06-01,OPR-B,54417691.43,0.0,2,27208845.72,35278242.77,3730314.96,2662449.75,3791900,,10.57,7.55,0.0,0,0.34,72,11712859.81,35278242.77,0,33.2
2026-07-01,OPR-A,98036889.17,16896406.32,3,32678963.06,65466115.05,7133511.93,4264780.44,5093055,16.0,10.9,6.51,0.0,0,0.46,100,13306504.7,65466115.05,2,20.33
2026-07-01,OPR-B,98279691.22,35678547.88,3,32759897.07,65817988.93,7208140.21,3335573.64,6276892,25.0,10.95,5.07,0.0,0,0.43,125,18209024.87,65433812.61,2,27.83
2026-08-01,OPR-A,133662867.2,0.0,3,44554289.07,95925640.87,5697768.79,3922377.71,6383712,,5.94,4.09,0.0,0,0.54,97,53261302.57,95925640.87,3,55.52
2026-08-01,OPR-B,80875590.16,0.0,3,26958530.05,53461195.52,6475018.99,3346496.63,4345320,,12.11,6.26,0.0,0,0.6,99,17775406.56,53461195.52,1,33.25
