consecutivo,cliente,operadora,mes,anio,fecha_liquidacion,valor_servicios,valor_recargos,valor_transporte_adicional,valor_administracion_ta,valor_pernoctes,subtotal,porcentaje_iva,valor_iva,total,estado,fecha_aprobacion,fecha_facturacion,motivo_anulacion,observaciones,periodo,dias_a_facturacion,dias_a_aprobacion,es_anulada,es_facturada
LQ-202409-0001,CLI-01,OPR-A,9,2024,2024-10-03,14611547.1,1774612.99,1048225.39,104822.54,1779840,19319048.02,19,3670619.12,22989667.14,FACTURADA,2024-10-25,2024-10-27,,,2024-09-01,24.0,22.0,False,True
LQ-202409-0002,CLI-02,OPR-B,9,2024,2024-10-06,19570368.59,1804909.54,774170.45,77417.04,2044834,24271699.62,19,4611622.93,28883322.55,FACTURADA,2024-10-12,2024-10-15,,,2024-09-01,9.0,6.0,False,True
LQ-202409-0003,CLI-03,OPR-A,9,2024,2024-10-03,13212872.2,1463644.78,593718.7,59371.87,2175360,17504967.55,19,3325943.83,20830911.38,FACTURADA,2024-10-19,2024-10-23,,,2024-09-01,20.0,16.0,False,True
LQ-202409-0004,CLI-04,OPR-B,9,2024,2024-10-05,17554587.26,1747833.7,850247.2,85024.72,1394205,21631897.88,19,4110060.6,25741958.48,FACTURADA,2024-11-03,2024-11-11,,Ajuste acordado con la operadora,2024-09-01,37.0,29.0,False,True
LQ-202409-0005,CLI-05,OPR-A,9,2024,2024-10-05,24644265.55,1211332.45,733429.81,73342.98,395520,27057890.79,19,5140999.25,32198890.04,FACTURADA,2024-10-12,2024-10-17,,,2024-09-01,12.0,7.0,False,True
LQ-202409-0006,CLI-06,OPR-B,9,2024,2024-10-06,13362938.97,1751768.3,614337.18,61433.72,1022417,16812895.17,19,3194450.08,20007345.25,FACTURADA,2024-10-26,2024-10-27,,Revisado por coordinacion,2024-09-01,21.0,20.0,False,True
LQ-202410-0007,CLI-01,OPR-A,10,2024,2024-11-02,15645064.91,2280003.62,1180526.84,118052.68,1310400,20534048.05,19,3901469.13,24435517.18,FACTURADA,2024-11-23,2024-11-26,,,2024-10-01,24.0,21.0,False,True
LQ-202410-0008,CLI-02,OPR-B,10,2024,2024-11-03,28865221.62,1703206.14,1535697.43,153569.74,2842560,35100254.93,19,6669048.44,41769303.37,FACTURADA,2024-11-17,2024-11-21,,Pendiente soporte de planillas,2024-10-01,18.0,14.0,False,True
LQ-202410-0009,CLI-03,OPR-A,10,2024,2024-11-01,20157884.46,2306339.15,689988.71,68998.87,1310400,24533611.19,19,4661386.13,29194997.32,FACTURADA,2024-11-03,2024-11-10,,Incluye servicios del periodo anterior,2024-10-01,9.0,2.0,False,True
LQ-202410-0010,CLI-04,OPR-B,10,2024,2024-11-02,54052655.68,1986796.43,1131531.51,113153.15,1895040,59179176.77,19,11244043.59,70423220.36,APROBADA,2024-11-14,,,Revisado por coordinacion,2024-10-01,,12.0,False,False
LQ-202410-0011,CLI-05,OPR-A,10,2024,2024-11-02,24301669.5,2188108.23,1291447.31,129144.73,1915200,29825569.77,19,5666858.26,35492428.03,ANULADA,,,Correccion de recorridos,,2024-10-01,,,True,False
LQ-202410-0012,CLI-06,OPR-B,10,2024,2024-11-06,10447139.88,1058616.51,633896.81,63389.68,1231776,13434818.88,19,2552615.59,15987434.47,FACTURADA,2024-11-20,2024-11-25,,Pendiente soporte de planillas,2024-10-01,19.0,14.0,False,True
LQ-202411-0013,CLI-01,OPR-A,11,2024,2024-12-02,10832274.98,1354006.68,626146.71,62614.67,470400,13345443.04,19,2535634.18,15881077.22,LIQUIDADA,,,,,2024-11-01,,,False,False
LQ-202411-0014,CLI-02,OPR-B,11,2024,2024-12-05,16044795.75,1254663.55,514898.48,51489.85,1061220,18927067.63,19,3596142.85,22523210.48,FACTURADA,2024-12-12,2024-12-13,,,2024-11-01,8.0,7.0,False,True
LQ-202411-0015,CLI-03,OPR-A,11,2024,2024-12-06,14874179.6,1596585.42,1313978.1,131397.81,1505280,19421420.93,19,3690069.98,23111490.91,FACTURADA,2024-12-12,2024-12-14,,,2024-11-01,8.0,6.0,False,True
LQ-202411-0016,CLI-05,OPR-A,11,2024,2024-12-03,18140583.4,1908353.37,1112380.67,111238.07,1505280,22777835.51,19,4327788.75,27105624.26,FACTURADA,2024-12-15,2024-12-20,,Pendiente soporte de planillas,2024-11-01,17.0,12.0,False,True
LQ-202411-0017,CLI-06,OPR-B,11,2024,2024-12-03,21220492.26,2107268.96,848198.69,84819.87,1061220,25321999.78,19,4811179.96,30133179.74,LIQUIDADA,,,,,2024-11-01,,,False,False
LQ-202412-0018,CLI-01,OPR-A,12,2024,2025-01-02,23352542.03,1752816.45,1309502.76,130950.28,1478400,28024211.52,19,5324600.19,33348811.71,APROBADA,2025-01-19,,,,2024-12-01,,17.0,False,False
LQ-202412-0019,CLI-02,OPR-B,12,2024,2025-01-05,9007116.11,1214462.48,813538.79,81353.88,555880,11672351.26,19,2217746.74,13890098.0,FACTURADA,2025-01-22,2025-01-23,,Incluye servicios del periodo anterior,2024-12-01,18.0,17.0,False,True
LQ-202412-0020,CLI-03,OPR-A,12,2024,2025-01-05,16772270.15,1312623.25,796638.24,79663.82,739200,19700395.46,19,3743075.14,23443470.6,APROBADA,2025-01-16,,,,2024-12-01,,11.0,False,False
LQ-202412-0021,CLI-04,OPR-B,12,2024,2025-01-06,7236620.72,696075.98,559905.92,55990.59,972790,9521383.21,19,1809062.81,11330446.02,LIQUIDADA,,,,,2024-12-01,,,False,False
LQ-202412-0022,CLI-05,OPR-A,12,2024,2025-01-05,13025497.86,1785183.97,550272.97,55027.3,1330560,16746542.1,19,3181843.0,19928385.1,APROBADA,2025-01-08,,,Incluye servicios del periodo anterior,2024-12-01,,3.0,False,False
LQ-202412-0023,CLI-06,OPR-B,12,2024,2025-01-01,6043376.52,781516.29,310837.84,31083.78,347425,7514239.43,19,1427705.49,8941944.92,FACTURADA,2025-01-22,2025-01-24,,Incluye servicios del periodo anterior,2024-12-01,23.0,21.0,False,True
LQ-202501-0024,CLI-02,OPR-B,1,2025,2025-02-03,12485966.86,999024.38,656808.5,65680.85,923484,15130964.59,19,2874883.27,18005847.86,FACTURADA,2025-02-07,2025-02-08,,,2025-01-01,5.0,4.0,False,True
LQ-202501-0025,CLI-03,OPR-A,1,2025,2025-02-03,27647090.58,2369415.58,1266030.07,126603.01,1391773,32800912.24,19,6232173.33,39033085.57,FACTURADA,2025-02-17,2025-02-18,,,2025-01-01,15.0,14.0,False,True
LQ-202501-0026,CLI-04,OPR-B,1,2025,2025-02-02,13832124.83,1588525.1,769985.59,76998.56,615656,16883290.08,19,3207825.12,20091115.2,BORRADOR,,,,Incluye servicios del periodo anterior,2025-01-01,,,False,False
LQ-202501-0027,CLI-05,OPR-A,1,2025,2025-02-06,18063984.55,1913733.36,1404603.96,140460.4,1801118,23323900.27,19,4431541.05,27755441.32,FACTURADA,2025-02-24,2025-02-27,,Incluye servicios del periodo anterior,2025-01-01,21.0,18.0,False,True
LQ-202501-0028,CLI-06,OPR-B,1,2025,2025-02-02,13754339.72,1945811.82,881549.2,88154.92,1154355,17824210.66,19,3386600.03,21210810.69,FACTURADA,2025-03-02,2025-03-06,,Pendiente soporte de planillas,2025-01-01,32.0,28.0,False,True
LQ-202502-0029,CLI-01,OPR-A,2,2025,2025-03-04,27903150.76,2657106.92,1802500.81,180250.08,1896960,34439968.57,19,6543594.03,40983562.6,FACTURADA,2025-03-13,2025-03-19,,,2025-02-01,15.0,9.0,False,True
LQ-202502-0030,CLI-02,OPR-B,2,2025,2025-03-05,18975529.45,761862.98,409584.31,40958.43,980727,21168662.17,19,4022045.81,25190707.98,FACTURADA,2025-03-16,2025-03-21,,,2025-02-01,16.0,11.0,False,True
LQ-202502-0031,CLI-03,OPR-A,2,2025,2025-03-06,16340400.39,1733355.88,1482177.59,148217.76,1802112,21506263.62,19,4086190.09,25592453.71,FACTURADA,2025-03-12,2025-03-20,,Incluye servicios del periodo anterior,2025-02-01,14.0,6.0,False,True
LQ-202502-0032,CLI-04,OPR-B,2,2025,2025-03-06,26143129.53,2914260.8,837525.95,83752.6,2585553,32564221.88,19,6187202.16,38751424.04,BORRADOR,,,,,2025-02-01,,,False,False
LQ-202502-0033,CLI-05,OPR-A,2,2025,2025-03-05,8856431.56,889600.73,395696.21,39569.62,663936,10845234.12,19,2060594.48,12905828.6,FACTURADA,2025-03-28,2025-04-01,,Revisado por coordinacion,2025-02-01,27.0,23.0,False,True
LQ-202502-0034,CLI-06,OPR-B,2,2025,2025-03-03,10537849.45,1125303.34,682730.06,68273.01,1069884,13484039.86,19,2561967.57,16046007.43,FACTURADA,2025-03-16,2025-03-20,,,2025-02-01,17.0,13.0,False,True
LQ-202503-0035,CLI-01,OPR-A,3,2025,2025-04-03,14023129.65,2091677.33,953732.75,95373.28,1765178,18929091.01,19,3596527.29,22525618.3,FACTURADA,2025-04-22,2025-04-23,,,2025-03-01,20.0,19.0,False,True
LQ-202503-0036,CLI-02,OPR-B,3,2025,2025-04-02,13425038.13,1251340.96,528942.8,52894.28,683228,15941444.17,19,3028874.39,18970318.56,APROBADA,2025-04-13,,,,2025-03-01,,11.0,False,False
LQ-202503-0037,CLI-03,OPR-A,3,2025,2025-04-01,37800817.92,1892639.65,1832517.94,183251.79,2492016,44201243.3,19,8398236.23,52599479.53,FACTURADA,2025-04-11,2025-04-15,,,2025-03-01,14.0,10.0,False,True
LQ-202503-0038,CLI-04,OPR-B,3,2025,2025-04-02,16797398.22,2439811.71,1093234.95,109323.49,1073644,21513412.37,19,4087548.35,25600960.72,FACTURADA,2025-04-10,2025-04-13,,,2025-03-01,11.0,8.0,False,True
LQ-202503-0039,CLI-05,OPR-A,3,2025,2025-04-01,29129207.02,2360894.68,860484.81,86048.48,1765178,34201812.99,19,6498344.47,40700157.46,FACTURADA,2025-04-09,2025-04-14,,,2025-03-01,13.0,8.0,False,True
LQ-202503-0040,CLI-06,OPR-B,3,2025,2025-04-02,23408579.62,1540434.35,901065.77,90106.58,1268852,27209038.32,19,5169717.28,32378755.6,LIQUIDADA,,,,Pendiente soporte de planillas,2025-03-01,,,False,False
LQ-202504-0041,CLI-01,OPR-A,4,2025,2025-05-02,12581666.9,800379.1,619825.69,61982.57,916533,14980387.26,19,2846273.58,17826660.84,FACTURADA,2025-05-13,2025-05-16,,Ajuste acordado con la operadora,2025-04-01,14.0,11.0,False,True
LQ-202504-0042,CLI-02,OPR-B,4,2025,2025-05-06,18822890.35,2278546.91,1194109.02,119410.9,1244451,23659408.18,19,4495287.55,28154695.73,LIQUIDADA,,,,,2025-04-01,,,False,False
LQ-202504-0043,CLI-03,OPR-A,4,2025,2025-05-03,15086658.91,2009552.87,960418.26,96041.83,1934903,20087574.87,19,3816639.23,23904214.1,FACTURADA,2025-05-05,2025-05-13,,,2025-04-01,10.0,2.0,False,True
LQ-202504-0044,CLI-04,OPR-B,4,2025,2025-05-01,9934094.58,1172252.59,448694.11,44869.41,1818813,13418723.69,19,2549557.5,15968281.19,LIQUIDADA,,,,Ajuste acordado con la operadora,2025-04-01,,,False,False
LQ-202504-0045,CLI-05,OPR-A,4,2025,2025-05-02,18930226.46,977496.18,453834.33,45383.43,611022,21017962.4,19,3993412.86,25011375.26,FACTURADA,2025-05-05,2025-05-08,,,2025-04-01,6.0,3.0,False,True
LQ-202504-0046,CLI-06,OPR-B,4,2025,2025-05-06,22822530.62,2563389.57,1462542.48,146254.25,1818813,28813529.92,19,5474570.68,34288100.6,FACTURADA,2025-05-17,2025-05-22,,Revisado por coordinacion,2025-04-01,16.0,11.0,False,True
LQ-202505-0047,CLI-01,OPR-A,5,2025,2025-06-06,20503481.7,2381474.88,1889629.87,188962.99,3126983,28090532.44,19,5337201.16,33427733.6,APROBADA,2025-07-01,,,,2025-05-01,,25.0,False,False
LQ-202505-0048,CLI-02,OPR-B,5,2025,2025-06-03,8775902.07,868802.72,469165.24,46916.52,405432,10566218.55,19,2007581.52,12573800.07,FACTURADA,2025-06-12,2025-06-13,,Incluye servicios del periodo anterior,2025-05-01,10.0,9.0,False,True
LQ-202505-0049,CLI-03,OPR-A,5,2025,2025-06-05,14501915.65,1958559.96,1180777.95,118077.79,2264367,20023698.35,19,3804502.69,23828201.04,FACTURADA,2025-06-24,2025-06-27,,,2025-05-01,22.0,19.0,False,True
LQ-202505-0050,CLI-04,OPR-B,5,2025,2025-06-05,15782534.45,2335373.58,1347318.83,134731.88,506790,20106748.74,19,3820282.26,23927031.0,ANULADA,,,Solicitud de la operadora,,2025-05-01,,,True,False
LQ-202505-0051,CLI-05,OPR-A,5,2025,2025-06-04,21711650.83,3224183.95,968648.48,96864.85,1833059,27834407.11,19,5288537.35,33122944.46,LIQUIDADA,,,,,2025-05-01,,,False,False
LQ-202505-0052,CLI-06,OPR-B,5,2025,2025-06-04,17287798.46,1236224.63,635692.06,63569.21,810864,20034148.36,19,3806488.19,23840636.55,FACTURADA,2025-06-10,2025-06-12,,,2025-05-01,8.0,6.0,False,True
LQ-202506-0053,CLI-01,OPR-A,6,2025,2025-07-01,28030332.52,3078993.02,1324033.16,132403.32,2659728,35225490.02,19,6692843.1,41918333.12,FACTURADA,2025-07-14,2025-07-18,,,2025-06-01,17.0,13.0,False,True
LQ-202506-0054,CLI-02,OPR-B,6,2025,2025-07-01,15270192.96,2035353.33,847702.96,84770.3,2083460,20321479.55,19,3861081.11,24182560.66,APROBADA,2025-07-21,,,Revisado por coordinacion,2025-06-01,,20.0,False,False
LQ-202506-0055,CLI-03,OPR-A,6,2025,2025-07-05,36446418.45,1562146.0,747290.07,74729.01,1108220,39938803.53,19,7588372.67,47527176.2,FACTURADA,2025-07-30,2025-08-07,,Incluye servicios del periodo anterior,2025-06-01,33.0,25.0,False,True
LQ-202506-0056,CLI-04,OPR-B,6,2025,2025-07-05,9651734.21,918238.98,765981.87,76598.19,1354249,12766802.25,19,2425692.43,15192494.68,FACTURADA,2025-07-19,2025-07-23,,,2025-06-01,18.0,14.0,False,True
LQ-202506-0057,CLI-05,OPR-A,6,2025,2025-07-05,14996389.98,1830853.36,1142787.71,114278.77,1108220,19192529.82,19,3646580.67,22839110.49,FACTURADA,2025-07-25,2025-07-29,,Incluye servicios del periodo anterior,2025-06-01,24.0,20.0,False,True
LQ-202506-0058,CLI-06,OPR-B,6,2025,2025-07-06,23636919.58,1882008.09,1045034.05,104503.41,937557,27606022.13,19,5245144.2,32851166.33,FACTURADA,2025-07-23,2025-07-29,,,2025-06-01,23.0,17.0,False,True
LQ-202507-0059,CLI-01,OPR-A,7,2025,2025-08-05,23055330.73,3231875.16,1337333.23,133733.32,2285346,30043618.44,19,5708287.5,35751905.94,LIQUIDADA,,,,,2025-07-01,,,False,False
LQ-202507-0060,CLI-02,OPR-B,7,2025,2025-08-04,14669469.5,2222787.28,939105.43,93910.54,1227552,19152824.75,19,3639036.7,22791861.45,FACTURADA,2025-08-11,2025-08-14,,Incluye servicios del periodo anterior,2025-07-01,10.0,7.0,False,True
LQ-202507-0061,CLI-04,OPR-B,7,2025,2025-08-05,44205335.22,2208390.66,1969884.78,196988.48,1739032,50319631.14,19,9560729.92,59880361.06,FACTURADA,2025-08-20,2025-08-23,,,2025-07-01,18.0,15.0,False,True
LQ-202507-0062,CLI-05,OPR-A,7,2025,2025-08-05,18665500.1,2093194.1,1335576.64,133557.66,2938302,25166130.5,19,4781564.8,29947695.3,BORRADOR,,,,Ajuste acordado con la operadora,2025-07-01,,,False,False
LQ-202507-0063,CLI-06,OPR-B,7,2025,2025-08-05,28393385.44,1863479.58,1094350.68,109435.07,818368,32279018.77,19,6133013.57,38412032.34,LIQUIDADA,,,,,2025-07-01,,,False,False
LQ-202508-0064,CLI-01,OPR-A,8,2025,2025-09-01,18319646.76,2185696.14,757536.37,75753.64,1269960,22608592.91,19,4295632.65,26904225.56,FACTURADA,2025-09-28,2025-10-04,,,2025-08-01,33.0,27.0,False,True
LQ-202508-0065,CLI-05,OPR-A,8,2025,2025-09-01,32085313.86,3389484.97,2056134.77,205613.48,1799110,39535657.08,19,7511774.85,47047431.93,FACTURADA,2025-09-05,2025-09-06,,,2025-08-01,5.0,4.0,False,True
LQ-202508-0066,CLI-06,OPR-B,8,2025,2025-09-06,15398034.26,1777980.48,988042.6,98804.26,1691177,19954038.6,19,3791267.33,23745305.93,FACTURADA,2025-09-19,2025-09-25,,,2025-08-01,19.0,13.0,False,True
LQ-202509-0067,CLI-01,OPR-A,9,2025,2025-10-03,17079918.62,2138269.49,968606.34,96860.63,1542525,21826180.08,19,4146974.22,25973154.3,FACTURADA,2025-10-08,2025-10-13,,,2025-09-01,10.0,5.0,False,True
LQ-202509-0068,CLI-02,OPR-B,9,2025,2025-10-01,7063925.86,1003822.3,442572.0,44257.2,289995,8844572.36,19,1680468.75,10525041.11,APROBADA,2025-10-20,,,,2025-09-01,,19.0,False,False
LQ-202509-0069,CLI-03,OPR-A,9,2025,2025-10-02,16385987.78,2423161.48,1267959.41,126795.94,1028350,21232254.61,19,4034128.38,25266382.99,FACTURADA,2025-10-10,2025-10-18,,,2025-09-01,16.0,8.0,False,True
LQ-202509-0070,CLI-04,OPR-B,9,2025,2025-10-01,34324203.72,2505316.78,1437829.92,143782.99,1353310,39764443.41,19,7555244.25,47319687.66,BORRADOR,,,,,2025-09-01,,,False,False
LQ-202509-0071,CLI-05,OPR-A,9,2025,2025-10-04,21922113.87,3381857.39,1284294.29,128429.43,2365205,29081899.98,19,5525561.0,34607460.98,FACTURADA,2025-10-12,2025-10-17,,,2025-09-01,13.0,8.0,False,True
LQ-202509-0072,CLI-06,OPR-B,9,2025,2025-10-01,21033544.14,1491014.26,600365.49,60036.55,1256645,24441605.44,19,4643905.03,29085510.47,LIQUIDADA,,,,,2025-09-01,,,False,False
LQ-202510-0073,CLI-01,OPR-A,10,2025,2025-11-01,26603173.96,2073618.32,718752.82,71875.28,1362816,30830236.38,19,5857744.91,36687981.29,FACTURADA,2025-11-22,2025-11-24,,,2025-10-01,23.0,21.0,False,True
LQ-202510-0074,CLI-02,OPR-B,10,2025,2025-11-04,12401524.52,1573939.56,1059111.9,105911.19,1379588,16520075.17,19,3138814.28,19658889.45,FACTURADA,2025-11-23,2025-11-30,,,2025-10-01,26.0,19.0,False,True
LQ-202510-0075,CLI-03,OPR-A,10,2025,2025-11-01,25851296.23,2911686.59,893732.94,89373.29,1467648,31213737.05,19,5930610.04,37144347.09,ANULADA,2025-11-17,,Error en tarifa aplicada,,2025-10-01,,16.0,True,False
LQ-202510-0076,CLI-04,OPR-B,10,2025,2025-11-02,40826584.07,1584432.21,1396363.83,139636.38,1970840,45917856.49,19,8724392.73,54642249.22,BORRADOR,,,,,2025-10-01,,,False,False
LQ-202510-0077,CLI-05,OPR-A,10,2025,2025-11-03,21276664.47,2002415.01,731689.57,73168.96,1362816,25446754.01,19,4834883.26,30281637.27,FACTURADA,2025-11-17,2025-11-25,,,2025-10-01,22.0,14.0,False,True
LQ-202510-0078,CLI-06,OPR-B,10,2025,2025-11-05,18154454.35,1260625.19,958010.94,95801.09,985420,21454311.57,19,4076319.2,25530630.77,FACTURADA,2025-11-17,2025-11-22,,,2025-10-01,17.0,12.0,False,True
LQ-202511-0079,CLI-01,OPR-A,11,2025,2025-12-01,23472731.98,2548949.97,1769130.77,176913.08,1076273,29043998.8,19,5518359.77,34562358.57,FACTURADA,2025-12-10,2025-12-13,,Ajuste acordado con la operadora,2025-11-01,12.0,9.0,False,True
LQ-202511-0080,CLI-02,OPR-B,11,2025,2025-12-04,16368069.47,2362626.28,1091911.94,109191.19,2023406,21955204.88,19,4171488.93,26126693.81,FACTURADA,2025-12-30,2026-01-03,,,2025-11-01,30.0,26.0,False,True
LQ-202511-0081,CLI-04,OPR-B,11,2025,2025-12-03,9971687.37,1177600.45,871590.05,87159.01,735784,12843820.88,19,2440325.97,15284146.85,FACTURADA,2025-12-22,2025-12-26,,,2025-11-01,23.0,19.0,False,True
LQ-202511-0082,CLI-05,OPR-A,11,2025,2025-12-02,7954311.35,1045355.57,729018.91,72901.89,782744,10584331.72,19,2011023.03,12595354.75,FACTURADA,2025-12-27,2025-12-30,,,2025-11-01,28.0,25.0,False,True
LQ-202511-0083,CLI-06,OPR-B,11,2025,2025-12-01,20749433.17,2391974.32,1342216.66,134221.67,1563541,26181386.82,19,4974463.5,31155850.32,APROBADA,2025-12-16,,,,2025-11-01,,15.0,False,False
LQ-202512-0084,CLI-01,OPR-A,12,2025,2026-01-04,26577745.25,1364904.0,1220508.14,122050.81,1460663,30745871.2,19,5841715.53,36587586.73,FACTURADA,2026-01-15,2026-01-18,,,2025-12-01,14.0,11.0,False,True
LQ-202512-0085,CLI-02,OPR-B,12,2025,2026-01-04,20202499.24,1619560.63,1616149.36,161614.94,1083960,24683784.17,19,4689918.99,29373703.16,FACTURADA,2026-01-08,2026-01-13,,Pendiente soporte de planillas,2025-12-01,9.0,4.0,False,True
LQ-202512-0086,CLI-03,OPR-A,12,2025,2026-01-06,17451562.66,839543.34,664294.3,66429.43,384385,19406214.73,19,3687180.8,23093395.53,FACTURADA,2026-02-04,2026-02-06,,Revisado por coordinacion,2025-12-01,31.0,29.0,False,True
LQ-202512-0087,CLI-04,OPR-B,12,2025,2026-01-03,13825683.32,1660400.41,544521.77,54452.18,1373016,17458073.68,19,3317034.0,20775107.68,APROBADA,2026-01-23,,,,2025-12-01,,20.0,False,False
LQ-202512-0088,CLI-05,OPR-A,12,2025,2026-01-05,12979026.9,1993648.24,843293.05,84329.31,1845048,17745345.5,19,3371615.64,21116961.14,FACTURADA,2026-01-12,2026-01-18,,Revisado por coordinacion,2025-12-01,13.0,7.0,False,True
LQ-202512-0089,CLI-06,OPR-B,12,2025,2026-01-03,19245458.57,2303639.32,870980.97,87098.1,2240184,24747360.96,19,4701998.58,29449359.54,APROBADA,2026-01-18,,,,2025-12-01,,15.0,False,False
LQ-202601-0090,CLI-01,OPR-A,1,2026,2026-02-03,12056240.42,1655348.7,672025.2,67202.52,681152,15131968.84,19,2875074.08,18007042.92,FACTURADA,2026-02-20,2026-02-25,,Ajuste acordado con la operadora,2026-01-01,22.0,17.0,False,True
LQ-202601-0091,CLI-02,OPR-B,1,2026,2026-02-02,12439737.07,1328039.46,968003.73,96800.37,1680735,16513315.63,19,3137529.97,19650845.6,ANULADA,,,Error en tarifa aplicada,,2026-01-01,,,True,False
LQ-202601-0092,CLI-03,OPR-A,1,2026,2026-02-01,19458371.57,2103628.96,1043353.85,104335.39,2298888,25008577.77,19,4751629.78,29760207.55,FACTURADA,2026-02-19,2026-02-25,,,2026-01-01,24.0,18.0,False,True
LQ-202601-0093,CLI-04,OPR-B,1,2026,2026-02-01,11531555.3,1105625.81,799700.17,79970.02,1920840,15437691.3,19,2933161.35,18370852.65,LIQUIDADA,,,,Pendiente soporte de planillas,2026-01-01,,,False,False
LQ-202601-0094,CLI-05,OPR-A,1,2026,2026-02-06,16342230.8,2090528.89,928628.48,92862.85,1532592,20986843.02,19,3987500.17,24974343.19,FACTURADA,2026-02-10,2026-02-18,,,2026-01-01,12.0,4.0,False,True
LQ-202601-0095,CLI-06,OPR-B,1,2026,2026-02-04,7715960.32,736665.16,410258.13,41025.81,880385,9784294.42,19,1859015.94,11643310.36,LIQUIDADA,,,,Incluye servicios del periodo anterior,2026-01-01,,,False,False
LQ-202602-0096,CLI-01,OPR-A,2,2026,2026-03-02,11029065.84,1598189.21,478099.22,47809.92,1183704,14336868.19,19,2724004.96,17060873.15,FACTURADA,2026-03-22,2026-03-24,,,2026-02-01,22.0,20.0,False,True
LQ-202602-0097,CLI-02,OPR-B,2,2026,2026-03-04,15771711.98,1563346.05,731798.98,73179.9,1669014,19809050.91,19,3763719.67,23572770.58,FACTURADA,2026-03-25,2026-03-29,,,2026-02-01,25.0,21.0,False,True
LQ-202602-0098,CLI-03,OPR-A,2,2026,2026-03-05,12672873.03,1632202.91,1013206.46,101320.65,1775556,17195159.05,19,3267080.22,20462239.27,FACTURADA,2026-03-12,2026-03-17,,,2026-02-01,12.0,7.0,False,True
LQ-202602-0099,CLI-04,OPR-B,2,2026,2026-03-01,13663812.7,1899806.7,740900.21,74090.02,1112676,17491285.63,19,3323344.27,20814629.9,LIQUIDADA,,,,,2026-02-01,,,False,False
LQ-202602-0100,CLI-05,OPR-A,2,2026,2026-03-03,12522308.01,1100561.23,667240.91,66724.09,887778,15244612.24,19,2896476.33,18141088.57,APROBADA,2026-03-17,,,Ajuste acordado con la operadora,2026-02-01,,14.0,False,False
LQ-202602-0101,CLI-06,OPR-B,2,2026,2026-03-01,42134976.17,2644917.19,2152706.24,215270.62,2503521,49651391.22,19,9433764.33,59085155.55,FACTURADA,2026-03-21,2026-03-26,,,2026-02-01,25.0,20.0,False,True
LQ-202603-0102,CLI-01,OPR-A,3,2026,2026-04-06,14647828.54,1765173.4,796489.02,79648.9,971883,18261022.86,19,3469594.34,21730617.2,FACTURADA,2026-04-12,2026-04-17,,,2026-03-01,11.0,6.0,False,True
LQ-202603-0103,CLI-02,OPR-B,3,2026,2026-04-05,18673849.2,2566747.33,1489971.26,148997.13,2030160,24909724.92,19,4732847.73,29642572.65,LIQUIDADA,,,,,2026-03-01,,,False,False
LQ-202603-0104,CLI-03,OPR-A,3,2026,2026-04-06,13881349.45,1552307.19,884481.85,88448.18,1079870,17486456.67,19,3322426.77,20808883.44,APROBADA,2026-04-14,,,Pendiente soporte de planillas,2026-03-01,,8.0,False,False
LQ-202603-0105,CLI-04,OPR-B,3,2026,2026-04-05,6855911.22,815503.15,285463.54,28546.35,101508,8086932.26,19,1536517.13,9623449.39,LIQUIDADA,,,,,2026-03-01,,,False,False
LQ-202603-0106,CLI-05,OPR-A,3,2026,2026-04-02,17070214.47,2239567.91,1413607.45,141360.74,1619805,22484555.57,19,4272065.56,26756621.13,FACTURADA,2026-04-12,2026-04-14,,,2026-03-01,12.0,10.0,False,True
LQ-202603-0107,CLI-06,OPR-B,3,2026,2026-04-03,21740061.37,2975891.97,1536252.33,153625.23,1218096,27623926.9,19,5248546.11,32872473.01,BORRADOR,,,,Revisado por coordinacion,2026-03-01,,,False,False
LQ-202604-0108,CLI-01,OPR-A,4,2026,2026-05-03,9051362.59,1158483.04,619806.46,61980.65,1270920,12162552.74,19,2310885.02,14473437.76,APROBADA,2026-05-18,,,Revisado por coordinacion,2026-04-01,,15.0,False,False
LQ-202604-0109,CLI-02,OPR-B,4,2026,2026-05-05,12549032.17,1337819.1,580339.22,58033.92,995560,15520784.41,19,2948949.04,18469733.45,APROBADA,2026-06-05,,,,2026-04-01,,31.0,False,False
LQ-202604-0110,CLI-03,OPR-A,4,2026,2026-05-04,14504290.44,1386695.74,797372.94,79737.29,1694560,18462656.41,19,3507904.72,21970561.13,FACTURADA,2026-05-19,2026-05-26,,,2026-04-01,22.0,15.0,False,True
LQ-202604-0111,CLI-04,OPR-B,4,2026,2026-05-02,34929263.74,2335228.68,1844468.34,184446.83,1393784,40687191.59,19,7730566.4,48417757.99,ANULADA,,,Solicitud de la operadora,,2026-04-01,,,True,False
LQ-202604-0112,CLI-05,OPR-A,4,2026,2026-05-01,19105805.88,2394208.36,1345742.54,134574.25,1059100,24039431.03,19,4567491.9,28606922.93,FACTURADA,2026-05-17,2026-05-21,,Ajuste acordado con la operadora,2026-04-01,20.0,16.0,False,True
LQ-202605-0113,CLI-01,OPR-A,5,2026,2026-06-03,14238012.11,1805268.23,1238552.87,123855.29,1569960,18975648.5,19,3605373.22,22581021.72,APROBADA,2026-06-19,,,,2026-05-01,,16.0,False,False
LQ-202605-0114,CLI-02,OPR-B,5,2026,2026-06-03,18873614.94,1854520.35,1162925.33,116292.53,2951536,24958889.15,19,4742188.94,29701078.09,FACTURADA,2026-06-26,2026-07-01,,,2026-05-01,28.0,23.0,False,True
LQ-202605-0115,CLI-04,OPR-B,5,2026,2026-06-04,22750091.88,2137005.76,1112707.39,111270.74,1475768,27586843.77,19,5241500.32,32828344.09,LIQUIDADA,,,,,2026-05-01,,,False,False
LQ-202605-0116,CLI-05,OPR-A,5,2026,2026-06-06,48014089.54,2622983.34,1025282.02,102528.2,897120,52662003.1,19,10005780.59,62667783.69,LIQUIDADA,,,,,2026-05-01,,,False,False
LQ-202605-0117,CLI-06,OPR-B,5,2026,2026-06-03,19384210.43,2577153.24,1084934.96,108493.5,421648,23576440.13,19,4479523.62,28055963.75,APROBADA,2026-06-22,,,,2026-05-01,,19.0,False,False
LQ-202606-0118,CLI-01,OPR-A,6,2026,2026-07-06,21614751.82,1919429.22,891738.85,89173.89,1037295,25552388.78,19,4854953.87,30407342.65,LIQUIDADA,,,,Ajuste acordado con la operadora,2026-06-01,,,False,False
LQ-202606-0119,CLI-02,OPR-B,6,2026,2026-07-02,18571256.56,1908455.46,1212103.75,121210.38,1516760,23329786.15,19,4432659.37,27762445.52,BORRADOR,,,,,2026-06-01,,,False,False
LQ-202606-0120,CLI-03,OPR-A,6,2026,2026-07-02,14891079.96,1321318.6,668140.97,66814.1,691530,17638883.63,19,3351387.89,20990271.52,FACTURADA,2026-07-17,2026-07-20,,,2026-06-01,18.0,15.0,False,True
LQ-202606-0121,CLI-05,OPR-A,6,2026,2026-07-04,12705222.42,1850484.19,629280.49,62928.05,1613570,16861485.15,19,3203682.18,20065167.33,LIQUIDADA,,,,,2026-06-01,,,False,False
LQ-202606-0122,CLI-06,OPR-B,6,2026,2026-07-04,16706986.21,1821859.5,1450346.0,145034.6,2275140,22399366.31,19,4255879.6,26655245.91,APROBADA,2026-07-20,,,Revisado por coordinacion,2026-06-01,,16.0,False,False
LQ-202607-0123,CLI-01,OPR-A,7,2026,2026-08-02,11115239.17,1036125.79,1038058.01,103805.8,905432,14198660.77,19,2697745.55,16896406.32,FACTURADA,2026-08-14,2026-08-18,,,2026-07-01,16.0,12.0,False,True
LQ-202607-0124,CLI-02,OPR-B,7,2026,2026-08-04,23705789.25,3011478.23,1130303.21,113030.32,2021372,29981973.01,19,5696574.87,35678547.88,FACTURADA,2026-08-20,2026-08-29,,Revisado por coordinacion,2026-07-01,25.0,16.0,False,True
LQ-202607-0125,CLI-03,OPR-A,7,2026,2026-08-04,22053705.11,2793028.07,1924453.88,192445.39,2037222,29000854.45,19,5510162.35,34511016.8,LIQUIDADA,,,,Incluye servicios del periodo anterior,2026-07-01,,,False,False
LQ-202607-0126,CLI-04,OPR-B,7,2026,2026-08-04,26156665.09,2735156.81,1060136.22,106013.62,2340536,32398507.74,19,6155716.47,38554224.21,LIQUIDADA,,,,,2026-07-01,,,False,False
LQ-202607-0127,CLI-05,OPR-A,7,2026,2026-08-04,32297170.77,3304358.07,1302268.55,130226.86,2150401,39184425.25,19,7445040.8,46629466.05,APROBADA,2026-08-11,,,Revisado por coordinacion,2026-07-01,,7.0,False,False
LQ-202607-0128,CLI-06,OPR-B,7,2026,2026-08-06,15955534.59,1461505.17,1145134.21,114513.42,1914984,20207495.07,19,3839424.06,24046919.13,BORRADOR,,,,,2026-07-01,,,False,False
LQ-202608-0129,CLI-01,OPR-A,8,2026,2026-09-05,9402053.3,1295888.84,677139.07,67713.91,770448,12213243.12,19,2320516.19,14533759.31,BORRADOR,,,,,2026-08-01,,,False,False
LQ-202608-0130,CLI-02,OPR-B,8,2026,2026-09-01,23456849.35,2682041.65,1107725.36,110772.54,1034600,28391988.9,19,5394477.89,33786466.79,APROBADA,2026-09-06,,,,2026-08-01,,5.0,False,False
LQ-202608-0131,CLI-03,OPR-A,8,2026,2026-09-03,28314238.76,2299709.04,1392525.33,139252.53,2531472,34677197.66,19,6588667.56,41265865.22,LIQUIDADA,,,,,2026-08-01,,,False,False
LQ-202608-0132,CLI-04,OPR-B,8,2026,2026-09-06,11565130.13,1618175.53,941000.36,94100.04,517300,14735706.06,19,2799784.15,17535490.21,APROBADA,2026-09-15,,,,2026-08-01,,9.0,False,False
LQ-202608-0133,CLI-05,OPR-A,8,2026,2026-09-03,58209348.81,2102170.91,1852713.31,185271.33,3081792,65431296.36,19,12431946.31,77863242.67,LIQUIDADA,,,,,2026-08-01,,,False,False
LQ-202608-0134,CLI-06,OPR-B,8,2026,2026-09-03,18439216.04,2174801.81,1297770.91,129777.09,2793420,24834985.85,19,4718647.31,29553633.16,APROBADA,2026-09-15,,,Pendiente soporte de planillas,2026-08-01,,12.0,False,False
