consecutivo,estado_anterior,estado_nuevo,fecha,usuario,fecha_anterior,dias_en_etapa,transicion
LQ-202409-0001,,BORRADOR,2024-10-03,USR-05,,,INICIO -> BORRADOR
LQ-202409-0001,BORRADOR,LIQUIDADA,2024-10-06,USR-02,2024-10-03,3.0,BORRADOR -> LIQUIDADA
LQ-202409-0001,LIQUIDADA,APROBADA,2024-10-25,USR-06,2024-10-06,19.0,LIQUIDADA -> APROBADA
LQ-202409-0001,APROBADA,FACTURADA,2024-10-27,USR-03,2024-10-25,2.0,APROBADA -> FACTURADA
LQ-202409-0002,,BORRADOR,2024-10-06,USR-04,,,INICIO -> BORRADOR
LQ-202409-0002,BORRADOR,LIQUIDADA,2024-10-11,USR-04,2024-10-06,5.0,BORRADOR -> LIQUIDADA
LQ-202409-0002,LIQUIDADA,APROBADA,2024-10-12,USR-05,2024-10-11,1.0,LIQUIDADA -> APROBADA
LQ-202409-0002,APROBADA,FACTURADA,2024-10-15,USR-02,2024-10-12,3.0,APROBADA -> FACTURADA
LQ-202409-0003,,BORRADOR,2024-10-03,USR-05,,,INICIO -> BORRADOR
LQ-202409-0003,BORRADOR,LIQUIDADA,2024-10-07,USR-05,2024-10-03,4.0,BORRADOR -> LIQUIDADA
LQ-202409-0003,LIQUIDADA,APROBADA,2024-10-19,USR-04,2024-10-07,12.0,LIQUIDADA -> APROBADA
LQ-202409-0003,APROBADA,FACTURADA,2024-10-23,USR-04,2024-10-19,4.0,APROBADA -> FACTURADA
LQ-202409-0004,,BORRADOR,2024-10-05,USR-05,,,INICIO -> BORRADOR
LQ-202409-0004,BORRADOR,LIQUIDADA,2024-10-08,USR-03,2024-10-05,3.0,BORRADOR -> LIQUIDADA
LQ-202409-0004,LIQUIDADA,APROBADA,2024-11-03,USR-04,2024-10-08,26.0,LIQUIDADA -> APROBADA
LQ-202409-0004,APROBADA,FACTURADA,2024-11-11,USR-05,2024-11-03,8.0,APROBADA -> FACTURADA
LQ-202409-0005,,BORRADOR,2024-10-05,USR-01,,,INICIO -> BORRADOR
LQ-202409-0005,BORRADOR,LIQUIDADA,2024-10-08,USR-06,2024-10-05,3.0,BORRADOR -> LIQUIDADA
LQ-202409-0005,LIQUIDADA,APROBADA,2024-10-12,USR-06,2024-10-08,4.0,LIQUIDADA -> APROBADA
LQ-202409-0005,APROBADA,FACTURADA,2024-10-17,USR-03,2024-10-12,5.0,APROBADA -> FACTURADA
LQ-202409-0006,,BORRADOR,2024-10-06,USR-04,,,INICIO -> BORRADOR
LQ-202409-0006,BORRADOR,LIQUIDADA,2024-10-12,USR-01,2024-10-06,6.0,BORRADOR -> LIQUIDADA
LQ-202409-0006,LIQUIDADA,APROBADA,2024-10-26,USR-06,2024-10-12,14.0,LIQUIDADA -> APROBADA
LQ-202409-0006,APROBADA,FACTURADA,2024-10-27,USR-03,2024-10-26,1.0,APROBADA -> FACTURADA
LQ-202410-0007,,BORRADOR,2024-11-02,USR-01,,,INICIO -> BORRADOR
LQ-202410-0007,BORRADOR,LIQUIDADA,2024-11-03,USR-05,2024-11-02,1.0,BORRADOR -> LIQUIDADA
LQ-202410-0007,LIQUIDADA,APROBADA,2024-11-23,USR-06,2024-11-03,20.0,LIQUIDADA -> APROBADA
LQ-202410-0007,APROBADA,FACTURADA,2024-11-26,USR-05,2024-11-23,3.0,APROBADA -> FACTURADA
LQ-202410-0008,,BORRADOR,2024-11-03,USR-03,,,INICIO -> BORRADOR
LQ-202410-0008,BORRADOR,LIQUIDADA,2024-11-05,USR-03,2024-11-03,2.0,BORRADOR -> LIQUIDADA
LQ-202410-0008,LIQUIDADA,APROBADA,2024-11-17,USR-05,2024-11-05,12.0,LIQUIDADA -> APROBADA
LQ-202410-0008,APROBADA,FACTURADA,2024-11-21,USR-04,2024-11-17,4.0,APROBADA -> FACTURADA
LQ-202410-0009,,BORRADOR,2024-11-01,USR-04,,,INICIO -> BORRADOR
LQ-202410-0009,BORRADOR,LIQUIDADA,2024-11-02,USR-01,2024-11-01,1.0,BORRADOR -> LIQUIDADA
LQ-202410-0009,LIQUIDADA,APROBADA,2024-11-03,USR-03,2024-11-02,1.0,LIQUIDADA -> APROBADA
LQ-202410-0009,APROBADA,FACTURADA,2024-11-10,USR-04,2024-11-03,7.0,APROBADA -> FACTURADA
LQ-202410-0010,,BORRADOR,2024-11-02,USR-01,,,INICIO -> BORRADOR
LQ-202410-0010,BORRADOR,LIQUIDADA,2024-11-06,USR-02,2024-11-02,4.0,BORRADOR -> LIQUIDADA
LQ-202410-0010,LIQUIDADA,APROBADA,2024-11-14,USR-01,2024-11-06,8.0,LIQUIDADA -> APROBADA
LQ-202410-0011,,BORRADOR,2024-11-02,USR-01,,,INICIO -> BORRADOR
LQ-202410-0011,BORRADOR,LIQUIDADA,2024-11-06,USR-06,2024-11-02,4.0,BORRADOR -> LIQUIDADA
LQ-202410-0011,LIQUIDADA,ANULADA,2024-11-10,USR-03,2024-11-06,4.0,LIQUIDADA -> ANULADA
LQ-202410-0012,,BORRADOR,2024-11-06,USR-04,,,INICIO -> BORRADOR
LQ-202410-0012,BORRADOR,LIQUIDADA,2024-11-07,USR-02,2024-11-06,1.0,BORRADOR -> LIQUIDADA
LQ-202410-0012,LIQUIDADA,APROBADA,2024-11-20,USR-06,2024-11-07,13.0,LIQUIDADA -> APROBADA
LQ-202410-0012,APROBADA,FACTURADA,2024-11-25,USR-02,2024-11-20,5.0,APROBADA -> FACTURADA
LQ-202411-0013,,BORRADOR,2024-12-02,USR-02,,,INICIO -> BORRADOR
LQ-202411-0013,BORRADOR,LIQUIDADA,2024-12-05,USR-02,2024-12-02,3.0,BORRADOR -> LIQUIDADA
LQ-202411-0014,,BORRADOR,2024-12-05,USR-01,,,INICIO -> BORRADOR
LQ-202411-0014,BORRADOR,LIQUIDADA,2024-12-10,USR-01,2024-12-05,5.0,BORRADOR -> LIQUIDADA
LQ-202411-0014,LIQUIDADA,APROBADA,2024-12-12,USR-06,2024-12-10,2.0,LIQUIDADA -> APROBADA
LQ-202411-0014,APROBADA,FACTURADA,2024-12-13,USR-02,2024-12-12,1.0,APROBADA -> FACTURADA
LQ-202411-0015,,BORRADOR,2024-12-06,USR-03,,,INICIO -> BORRADOR
LQ-202411-0015,BORRADOR,LIQUIDADA,2024-12-09,USR-01,2024-12-06,3.0,BORRADOR -> LIQUIDADA
LQ-202411-0015,LIQUIDADA,APROBADA,2024-12-12,USR-01,2024-12-09,3.0,LIQUIDADA -> APROBADA
LQ-202411-0015,APROBADA,FACTURADA,2024-12-14,USR-01,2024-12-12,2.0,APROBADA -> FACTURADA
LQ-202411-0016,,BORRADOR,2024-12-03,USR-03,,,INICIO -> BORRADOR
LQ-202411-0016,BORRADOR,LIQUIDADA,2024-12-06,USR-05,2024-12-03,3.0,BORRADOR -> LIQUIDADA
LQ-202411-0016,LIQUIDADA,APROBADA,2024-12-15,USR-03,2024-12-06,9.0,LIQUIDADA -> APROBADA
LQ-202411-0016,APROBADA,FACTURADA,2024-12-20,USR-06,2024-12-15,5.0,APROBADA -> FACTURADA
LQ-202411-0017,,BORRADOR,2024-12-03,USR-05,,,INICIO -> BORRADOR
LQ-202411-0017,BORRADOR,LIQUIDADA,2024-12-07,USR-04,2024-12-03,4.0,BORRADOR -> LIQUIDADA
LQ-202412-0018,,BORRADOR,2025-01-02,USR-03,,,INICIO -> BORRADOR
LQ-202412-0018,BORRADOR,LIQUIDADA,2025-01-06,USR-05,2025-01-02,4.0,BORRADOR -> LIQUIDADA
LQ-202412-0018,LIQUIDADA,APROBADA,2025-01-19,USR-04,2025-01-06,13.0,LIQUIDADA -> APROBADA
LQ-202412-0019,,BORRADOR,2025-01-05,USR-05,,,INICIO -> BORRADOR
LQ-202412-0019,BORRADOR,LIQUIDADA,2025-01-09,USR-06,2025-01-05,4.0,BORRADOR -> LIQUIDADA
LQ-202412-0019,LIQUIDADA,APROBADA,2025-01-22,USR-06,2025-01-09,13.0,LIQUIDADA -> APROBADA
LQ-202412-0019,APROBADA,FACTURADA,2025-01-23,USR-01,2025-01-22,1.0,APROBADA -> FACTURADA
LQ-202412-0020,,BORRADOR,2025-01-05,USR-03,,,INICIO -> BORRADOR
LQ-202412-0020,BORRADOR,LIQUIDADA,2025-01-08,USR-03,2025-01-05,3.0,BORRADOR -> LIQUIDADA
LQ-202412-0020,LIQUIDADA,APROBADA,2025-01-16,USR-02,2025-01-08,8.0,LIQUIDADA -> APROBADA
LQ-202412-0021,,BORRADOR,2025-01-06,USR-05,,,INICIO -> BORRADOR
LQ-202412-0021,BORRADOR,LIQUIDADA,2025-01-07,USR-04,2025-01-06,1.0,BORRADOR -> LIQUIDADA
LQ-202412-0022,,BORRADOR,2025-01-05,USR-02,,,INICIO -> BORRADOR
LQ-202412-0022,BORRADOR,LIQUIDADA,2025-01-07,USR-03,2025-01-05,2.0,BORRADOR -> LIQUIDADA
LQ-202412-0022,LIQUIDADA,APROBADA,2025-01-08,USR-01,2025-01-07,1.0,LIQUIDADA -> APROBADA
LQ-202412-0023,,BORRADOR,2025-01-01,USR-01,,,INICIO -> BORRADOR
LQ-202412-0023,BORRADOR,LIQUIDADA,2025-01-03,USR-04,2025-01-01,2.0,BORRADOR -> LIQUIDADA
LQ-202412-0023,LIQUIDADA,APROBADA,2025-01-22,USR-06,2025-01-03,19.0,LIQUIDADA -> APROBADA
LQ-202412-0023,APROBADA,FACTURADA,2025-01-24,USR-05,2025-01-22,2.0,APROBADA -> FACTURADA
LQ-202501-0024,,BORRADOR,2025-02-03,USR-02,,,INICIO -> BORRADOR
LQ-202501-0024,BORRADOR,LIQUIDADA,2025-02-05,USR-01,2025-02-03,2.0,BORRADOR -> LIQUIDADA
LQ-202501-0024,LIQUIDADA,APROBADA,2025-02-07,USR-01,2025-02-05,2.0,LIQUIDADA -> APROBADA
LQ-202501-0024,APROBADA,FACTURADA,2025-02-08,USR-05,2025-02-07,1.0,APROBADA -> FACTURADA
LQ-202501-0025,,BORRADOR,2025-02-03,USR-04,,,INICIO -> BORRADOR
LQ-202501-0025,BORRADOR,LIQUIDADA,2025-02-06,USR-04,2025-02-03,3.0,BORRADOR -> LIQUIDADA
LQ-202501-0025,LIQUIDADA,APROBADA,2025-02-17,USR-02,2025-02-06,11.0,LIQUIDADA -> APROBADA
LQ-202501-0025,APROBADA,FACTURADA,2025-02-18,USR-06,2025-02-17,1.0,APROBADA -> FACTURADA
LQ-202501-0027,,BORRADOR,2025-02-06,USR-04,,,INICIO -> BORRADOR
LQ-202501-0027,BORRADOR,LIQUIDADA,2025-02-07,USR-05,2025-02-06,1.0,BORRADOR -> LIQUIDADA
LQ-202501-0027,LIQUIDADA,APROBADA,2025-02-24,USR-03,2025-02-07,17.0,LIQUIDADA -> APROBADA
LQ-202501-0027,APROBADA,FACTURADA,2025-02-27,USR-03,2025-02-24,3.0,APROBADA -> FACTURADA
LQ-202501-0028,,BORRADOR,2025-02-02,USR-03,,,INICIO -> BORRADOR
LQ-202501-0028,BORRADOR,LIQUIDADA,2025-02-05,USR-06,2025-02-02,3.0,BORRADOR -> LIQUIDADA
LQ-202501-0028,LIQUIDADA,APROBADA,2025-03-02,USR-04,2025-02-05,25.0,LIQUIDADA -> APROBADA
LQ-202501-0028,APROBADA,FACTURADA,2025-03-06,USR-05,2025-03-02,4.0,APROBADA -> FACTURADA
LQ-202502-0029,,BORRADOR,2025-03-04,USR-06,,,INICIO -> BORRADOR
LQ-202502-0029,BORRADOR,LIQUIDADA,2025-03-10,USR-05,2025-03-04,6.0,BORRADOR -> LIQUIDADA
LQ-202502-0029,LIQUIDADA,APROBADA,2025-03-13,USR-04,2025-03-10,3.0,LIQUIDADA -> APROBADA
LQ-202502-0029,APROBADA,FACTURADA,2025-03-19,USR-02,2025-03-13,6.0,APROBADA -> FACTURADA
LQ-202502-0030,,BORRADOR,2025-03-05,USR-01,,,INICIO -> BORRADOR
LQ-202502-0030,BORRADOR,LIQUIDADA,2025-03-08,USR-04,2025-03-05,3.0,BORRADOR -> LIQUIDADA
LQ-202502-0030,LIQUIDADA,APROBADA,2025-03-16,USR-05,2025-03-08,8.0,LIQUIDADA -> APROBADA
LQ-202502-0030,APROBADA,FACTURADA,2025-03-21,USR-05,2025-03-16,5.0,APROBADA -> FACTURADA
LQ-202502-0031,,BORRADOR,2025-03-06,USR-03,,,INICIO -> BORRADOR
LQ-202502-0031,BORRADOR,LIQUIDADA,2025-03-11,USR-01,2025-03-06,5.0,BORRADOR -> LIQUIDADA
LQ-202502-0031,LIQUIDADA,APROBADA,2025-03-12,USR-04,2025-03-11,1.0,LIQUIDADA -> APROBADA
LQ-202502-0031,APROBADA,FACTURADA,2025-03-20,USR-02,2025-03-12,8.0,APROBADA -> FACTURADA
LQ-202502-0033,,BORRADOR,2025-03-05,USR-04,,,INICIO -> BORRADOR
LQ-202502-0033,BORRADOR,LIQUIDADA,2025-03-11,USR-02,2025-03-05,6.0,BORRADOR -> LIQUIDADA
LQ-202502-0033,LIQUIDADA,APROBADA,2025-03-28,USR-06,2025-03-11,17.0,LIQUIDADA -> APROBADA
LQ-202502-0033,APROBADA,FACTURADA,2025-04-01,USR-06,2025-03-28,4.0,APROBADA -> FACTURADA
LQ-202502-0034,,BORRADOR,2025-03-03,USR-05,,,INICIO -> BORRADOR
LQ-202502-0034,BORRADOR,LIQUIDADA,2025-03-10,USR-04,2025-03-03,7.0,BORRADOR -> LIQUIDADA
LQ-202502-0034,LIQUIDADA,APROBADA,2025-03-16,USR-01,2025-03-10,6.0,LIQUIDADA -> APROBADA
LQ-202502-0034,APROBADA,FACTURADA,2025-03-20,USR-04,2025-03-16,4.0,APROBADA -> FACTURADA
LQ-202503-0035,,BORRADOR,2025-04-03,USR-01,,,INICIO -> BORRADOR
LQ-202503-0035,BORRADOR,LIQUIDADA,2025-04-06,USR-01,2025-04-03,3.0,BORRADOR -> LIQUIDADA
LQ-202503-0035,LIQUIDADA,APROBADA,2025-04-22,USR-06,2025-04-06,16.0,LIQUIDADA -> APROBADA
LQ-202503-0035,APROBADA,FACTURADA,2025-04-23,USR-01,2025-04-22,1.0,APROBADA -> FACTURADA
LQ-202503-0036,,BORRADOR,2025-04-02,USR-02,,,INICIO -> BORRADOR
LQ-202503-0036,BORRADOR,LIQUIDADA,2025-04-04,USR-05,2025-04-02,2.0,BORRADOR -> LIQUIDADA
LQ-202503-0036,LIQUIDADA,APROBADA,2025-04-13,USR-04,2025-04-04,9.0,LIQUIDADA -> APROBADA
LQ-202503-0037,,BORRADOR,2025-04-01,USR-03,,,INICIO -> BORRADOR
LQ-202503-0037,BORRADOR,LIQUIDADA,2025-04-02,USR-04,2025-04-01,1.0,BORRADOR -> LIQUIDADA
LQ-202503-0037,LIQUIDADA,APROBADA,2025-04-11,USR-02,2025-04-02,9.0,LIQUIDADA -> APROBADA
LQ-202503-0037,APROBADA,FACTURADA,2025-04-15,USR-05,2025-04-11,4.0,APROBADA -> FACTURADA
LQ-202503-0038,,BORRADOR,2025-04-02,USR-06,,,INICIO -> BORRADOR
LQ-202503-0038,BORRADOR,LIQUIDADA,2025-04-03,USR-01,2025-04-02,1.0,BORRADOR -> LIQUIDADA
LQ-202503-0038,LIQUIDADA,APROBADA,2025-04-10,USR-06,2025-04-03,7.0,LIQUIDADA -> APROBADA
LQ-202503-0038,APROBADA,FACTURADA,2025-04-13,USR-05,2025-04-10,3.0,APROBADA -> FACTURADA
LQ-202503-0039,,BORRADOR,2025-04-01,USR-02,,,INICIO -> BORRADOR
LQ-202503-0039,BORRADOR,LIQUIDADA,2025-04-04,USR-01,2025-04-01,3.0,BORRADOR -> LIQUIDADA
LQ-202503-0039,LIQUIDADA,APROBADA,2025-04-09,USR-01,2025-04-04,5.0,LIQUIDADA -> APROBADA
LQ-202503-0039,APROBADA,FACTURADA,2025-04-14,USR-01,2025-04-09,5.0,APROBADA -> FACTURADA
LQ-202503-0040,,BORRADOR,2025-04-02,USR-03,,,INICIO -> BORRADOR
LQ-202503-0040,BORRADOR,LIQUIDADA,2025-04-05,USR-06,2025-04-02,3.0,BORRADOR -> LIQUIDADA
LQ-202504-0041,,BORRADOR,2025-05-02,USR-05,,,INICIO -> BORRADOR
LQ-202504-0041,BORRADOR,LIQUIDADA,2025-05-06,USR-06,2025-05-02,4.0,BORRADOR -> LIQUIDADA
LQ-202504-0041,LIQUIDADA,APROBADA,2025-05-13,USR-03,2025-05-06,7.0,LIQUIDADA -> APROBADA
LQ-202504-0041,APROBADA,FACTURADA,2025-05-16,USR-06,2025-05-13,3.0,APROBADA -> FACTURADA
LQ-202504-0042,,BORRADOR,2025-05-06,USR-02,,,INICIO -> BORRADOR
LQ-202504-0042,BORRADOR,LIQUIDADA,2025-05-07,USR-04,2025-05-06,1.0,BORRADOR -> LIQUIDADA
LQ-202504-0043,,BORRADOR,2025-05-03,USR-06,,,INICIO -> BORRADOR
LQ-202504-0043,BORRADOR,LIQUIDADA,2025-05-04,USR-06,2025-05-03,1.0,BORRADOR -> LIQUIDADA
LQ-202504-0043,LIQUIDADA,APROBADA,2025-05-05,USR-03,2025-05-04,1.0,LIQUIDADA -> APROBADA
LQ-202504-0043,APROBADA,FACTURADA,2025-05-13,USR-05,2025-05-05,8.0,APROBADA -> FACTURADA
LQ-202504-0044,,BORRADOR,2025-05-01,USR-05,,,INICIO -> BORRADOR
LQ-202504-0044,BORRADOR,LIQUIDADA,2025-05-04,USR-04,2025-05-01,3.0,BORRADOR -> LIQUIDADA
LQ-202504-0045,,BORRADOR,2025-05-02,USR-02,,,INICIO -> BORRADOR
LQ-202504-0045,BORRADOR,LIQUIDADA,2025-05-04,USR-06,2025-05-02,2.0,BORRADOR -> LIQUIDADA
LQ-202504-0045,LIQUIDADA,APROBADA,2025-05-05,USR-03,2025-05-04,1.0,LIQUIDADA -> APROBADA
LQ-202504-0045,APROBADA,FACTURADA,2025-05-08,USR-01,2025-05-05,3.0,APROBADA -> FACTURADA
LQ-202504-0046,,BORRADOR,2025-05-06,USR-01,,,INICIO -> BORRADOR
LQ-202504-0046,BORRADOR,LIQUIDADA,2025-05-07,USR-03,2025-05-06,1.0,BORRADOR -> LIQUIDADA
LQ-202504-0046,LIQUIDADA,APROBADA,2025-05-17,USR-01,2025-05-07,10.0,LIQUIDADA -> APROBADA
LQ-202504-0046,APROBADA,FACTURADA,2025-05-22,USR-06,2025-05-17,5.0,APROBADA -> FACTURADA
LQ-202505-0047,,BORRADOR,2025-06-06,USR-02,,,INICIO -> BORRADOR
LQ-202505-0047,BORRADOR,LIQUIDADA,2025-06-09,USR-02,2025-06-06,3.0,BORRADOR -> LIQUIDADA
LQ-202505-0047,LIQUIDADA,APROBADA,2025-07-01,USR-03,2025-06-09,22.0,LIQUIDADA -> APROBADA
LQ-202505-0048,,BORRADOR,2025-06-03,USR-01,,,INICIO -> BORRADOR
LQ-202505-0048,BORRADOR,LIQUIDADA,2025-06-04,USR-02,2025-06-03,1.0,BORRADOR -> LIQUIDADA
LQ-202505-0048,LIQUIDADA,APROBADA,2025-06-12,USR-01,2025-06-04,8.0,LIQUIDADA -> APROBADA
LQ-202505-0048,APROBADA,FACTURADA,2025-06-13,USR-04,2025-06-12,1.0,APROBADA -> FACTURADA
LQ-202505-0049,,BORRADOR,2025-06-05,USR-03,,,INICIO -> BORRADOR
LQ-202505-0049,BORRADOR,LIQUIDADA,2025-06-09,USR-02,2025-06-05,4.0,BORRADOR -> LIQUIDADA
LQ-202505-0049,LIQUIDADA,APROBADA,2025-06-24,USR-06,2025-06-09,15.0,LIQUIDADA -> APROBADA
LQ-202505-0049,APROBADA,FACTURADA,2025-06-27,USR-04,2025-06-24,3.0,APROBADA -> FACTURADA
LQ-202505-0050,,BORRADOR,2025-06-05,USR-03,,,INICIO -> BORRADOR
LQ-202505-0050,BORRADOR,LIQUIDADA,2025-06-06,USR-05,2025-06-05,1.0,BORRADOR -> LIQUIDADA
LQ-202505-0050,LIQUIDADA,ANULADA,2025-06-07,USR-06,2025-06-06,1.0,LIQUIDADA -> ANULADA
LQ-202505-0051,,BORRADOR,2025-06-04,USR-05,,,INICIO -> BORRADOR
LQ-202505-0051,BORRADOR,LIQUIDADA,2025-06-05,USR-06,2025-06-04,1.0,BORRADOR -> LIQUIDADA
LQ-202505-0052,,BORRADOR,2025-06-04,USR-02,,,INICIO -> BORRADOR
LQ-202505-0052,BORRADOR,LIQUIDADA,2025-06-07,USR-01,2025-06-04,3.0,BORRADOR -> LIQUIDADA
LQ-202505-0052,LIQUIDADA,APROBADA,2025-06-10,USR-06,2025-06-07,3.0,LIQUIDADA -> APROBADA
LQ-202505-0052,APROBADA,FACTURADA,2025-06-12,USR-02,2025-06-10,2.0,APROBADA -> FACTURADA
LQ-202506-0053,,BORRADOR,2025-07-01,USR-01,,,INICIO -> BORRADOR
LQ-202506-0053,BORRADOR,LIQUIDADA,2025-07-04,USR-06,2025-07-01,3.0,BORRADOR -> LIQUIDADA
LQ-202506-0053,LIQUIDADA,APROBADA,2025-07-14,USR-06,2025-07-04,10.0,LIQUIDADA -> APROBADA
LQ-202506-0053,APROBADA,FACTURADA,2025-07-18,USR-02,2025-07-14,4.0,APROBADA -> FACTURADA
LQ-202506-0054,,BORRADOR,2025-07-01,USR-04,,,INICIO -> BORRADOR
LQ-202506-0054,BORRADOR,LIQUIDADA,2025-07-08,USR-03,2025-07-01,7.0,BORRADOR -> LIQUIDADA
LQ-202506-0054,LIQUIDADA,APROBADA,2025-07-21,USR-05,2025-07-08,13.0,LIQUIDADA -> APROBADA
LQ-202506-0055,,BORRADOR,2025-07-05,USR-01,,,INICIO -> BORRADOR
LQ-202506-0055,BORRADOR,LIQUIDADA,2025-07-08,USR-03,2025-07-05,3.0,BORRADOR -> LIQUIDADA
LQ-202506-0055,LIQUIDADA,APROBADA,2025-07-30,USR-01,2025-07-08,22.0,LIQUIDADA -> APROBADA
LQ-202506-0055,APROBADA,FACTURADA,2025-08-07,USR-04,2025-07-30,8.0,APROBADA -> FACTURADA
LQ-202506-0056,,BORRADOR,2025-07-05,USR-06,,,INICIO -> BORRADOR
LQ-202506-0056,BORRADOR,LIQUIDADA,2025-07-10,USR-06,2025-07-05,5.0,BORRADOR -> LIQUIDADA
LQ-202506-0056,LIQUIDADA,APROBADA,2025-07-19,USR-02,2025-07-10,9.0,LIQUIDADA -> APROBADA
LQ-202506-0056,APROBADA,FACTURADA,2025-07-23,USR-03,2025-07-19,4.0,APROBADA -> FACTURADA
LQ-202506-0057,,BORRADOR,2025-07-05,USR-03,,,INICIO -> BORRADOR
LQ-202506-0057,BORRADOR,LIQUIDADA,2025-07-08,USR-05,2025-07-05,3.0,BORRADOR -> LIQUIDADA
LQ-202506-0057,LIQUIDADA,APROBADA,2025-07-25,USR-04,2025-07-08,17.0,LIQUIDADA -> APROBADA
LQ-202506-0057,APROBADA,FACTURADA,2025-07-29,USR-01,2025-07-25,4.0,APROBADA -> FACTURADA
LQ-202506-0058,,BORRADOR,2025-07-06,USR-05,,,INICIO -> BORRADOR
LQ-202506-0058,BORRADOR,LIQUIDADA,2025-07-11,USR-03,2025-07-06,5.0,BORRADOR -> LIQUIDADA
LQ-202506-0058,LIQUIDADA,APROBADA,2025-07-23,USR-01,2025-07-11,12.0,LIQUIDADA -> APROBADA
LQ-202506-0058,APROBADA,FACTURADA,2025-07-29,USR-02,2025-07-23,6.0,APROBADA -> FACTURADA
LQ-202507-0059,,BORRADOR,2025-08-05,USR-05,,,INICIO -> BORRADOR
LQ-202507-0059,BORRADOR,LIQUIDADA,2025-08-07,USR-05,2025-08-05,2.0,BORRADOR -> LIQUIDADA
LQ-202507-0060,,BORRADOR,2025-08-04,USR-01,,,INICIO -> BORRADOR
LQ-202507-0060,BORRADOR,LIQUIDADA,2025-08-06,USR-05,2025-08-04,2.0,BORRADOR -> LIQUIDADA
LQ-202507-0060,LIQUIDADA,APROBADA,2025-08-11,USR-04,2025-08-06,5.0,LIQUIDADA -> APROBADA
LQ-202507-0060,APROBADA,FACTURADA,2025-08-14,USR-04,2025-08-11,3.0,APROBADA -> FACTURADA
LQ-202507-0061,,BORRADOR,2025-08-05,USR-02,,,INICIO -> BORRADOR
LQ-202507-0061,BORRADOR,LIQUIDADA,2025-08-08,USR-02,2025-08-05,3.0,BORRADOR -> LIQUIDADA
LQ-202507-0061,LIQUIDADA,APROBADA,2025-08-20,USR-03,2025-08-08,12.0,LIQUIDADA -> APROBADA
LQ-202507-0061,APROBADA,FACTURADA,2025-08-23,USR-05,2025-08-20,3.0,APROBADA -> FACTURADA
LQ-202507-0063,,BORRADOR,2025-08-05,USR-02,,,INICIO -> BORRADOR
LQ-202507-0063,BORRADOR,LIQUIDADA,2025-08-08,USR-04,2025-08-05,3.0,BORRADOR -> LIQUIDADA
LQ-202508-0064,,BORRADOR,2025-09-01,USR-02,,,INICIO -> BORRADOR
LQ-202508-0064,BORRADOR,LIQUIDADA,2025-09-05,USR-06,2025-09-01,4.0,BORRADOR -> LIQUIDADA
LQ-202508-0064,LIQUIDADA,APROBADA,2025-09-28,USR-06,2025-09-05,23.0,LIQUIDADA -> APROBADA
LQ-202508-0064,APROBADA,FACTURADA,2025-10-04,USR-03,2025-09-28,6.0,APROBADA -> FACTURADA
LQ-202508-0065,,BORRADOR,2025-09-01,USR-04,,,INICIO -> BORRADOR
LQ-202508-0065,BORRADOR,LIQUIDADA,2025-09-04,USR-01,2025-09-01,3.0,BORRADOR -> LIQUIDADA
LQ-202508-0065,LIQUIDADA,APROBADA,2025-09-05,USR-05,2025-09-04,1.0,LIQUIDADA -> APROBADA
LQ-202508-0065,APROBADA,FACTURADA,2025-09-06,USR-01,2025-09-05,1.0,APROBADA -> FACTURADA
LQ-202508-0066,,BORRADOR,2025-09-06,USR-04,,,INICIO -> BORRADOR
LQ-202508-0066,BORRADOR,LIQUIDADA,2025-09-09,USR-03,2025-09-06,3.0,BORRADOR -> LIQUIDADA
LQ-202508-0066,LIQUIDADA,APROBADA,2025-09-19,USR-02,2025-09-09,10.0,LIQUIDADA -> APROBADA
LQ-202508-0066,APROBADA,FACTURADA,2025-09-25,USR-04,2025-09-19,6.0,APROBADA -> FACTURADA
LQ-202509-0067,,BORRADOR,2025-10-03,USR-05,,,INICIO -> BORRADOR
LQ-202509-0067,BORRADOR,LIQUIDADA,2025-10-07,USR-04,2025-10-03,4.0,BORRADOR -> LIQUIDADA
LQ-202509-0067,LIQUIDADA,APROBADA,2025-10-08,USR-02,2025-10-07,1.0,LIQUIDADA -> APROBADA
LQ-202509-0067,APROBADA,FACTURADA,2025-10-13,USR-03,2025-10-08,5.0,APROBADA -> FACTURADA
LQ-202509-0068,,BORRADOR,2025-10-01,USR-01,,,INICIO -> BORRADOR
LQ-202509-0068,BORRADOR,LIQUIDADA,2025-10-06,USR-01,2025-10-01,5.0,BORRADOR -> LIQUIDADA
LQ-202509-0068,LIQUIDADA,APROBADA,2025-10-20,USR-05,2025-10-06,14.0,LIQUIDADA -> APROBADA
LQ-202509-0069,,BORRADOR,2025-10-02,USR-04,,,INICIO -> BORRADOR
LQ-202509-0069,BORRADOR,LIQUIDADA,2025-10-05,USR-05,2025-10-02,3.0,BORRADOR -> LIQUIDADA
LQ-202509-0069,LIQUIDADA,APROBADA,2025-10-10,USR-05,2025-10-05,5.0,LIQUIDADA -> APROBADA
LQ-202509-0069,APROBADA,FACTURADA,2025-10-18,USR-01,2025-10-10,8.0,APROBADA -> FACTURADA
LQ-202509-0071,,BORRADOR,2025-10-04,USR-04,,,INICIO -> BORRADOR
LQ-202509-0071,BORRADOR,LIQUIDADA,2025-10-10,USR-01,2025-10-04,6.0,BORRADOR -> LIQUIDADA
LQ-202509-0071,LIQUIDADA,APROBADA,2025-10-12,USR-05,2025-10-10,2.0,LIQUIDADA -> APROBADA
LQ-202509-0071,APROBADA,FACTURADA,2025-10-17,USR-03,2025-10-12,5.0,APROBADA -> FACTURADA
LQ-202509-0072,,BORRADOR,2025-10-01,USR-04,,,INICIO -> BORRADOR
LQ-202509-0072,BORRADOR,LIQUIDADA,2025-10-05,USR-02,2025-10-01,4.0,BORRADOR -> LIQUIDADA
LQ-202510-0073,,BORRADOR,2025-11-01,USR-04,,,INICIO -> BORRADOR
LQ-202510-0073,BORRADOR,LIQUIDADA,2025-11-05,USR-06,2025-11-01,4.0,BORRADOR -> LIQUIDADA
LQ-202510-0073,LIQUIDADA,APROBADA,2025-11-22,USR-06,2025-11-05,17.0,LIQUIDADA -> APROBADA
LQ-202510-0073,APROBADA,FACTURADA,2025-11-24,USR-06,2025-11-22,2.0,APROBADA -> FACTURADA
LQ-202510-0074,,BORRADOR,2025-11-04,USR-03,,,INICIO -> BORRADOR
LQ-202510-0074,BORRADOR,LIQUIDADA,2025-11-07,USR-01,2025-11-04,3.0,BORRADOR -> LIQUIDADA
LQ-202510-0074,LIQUIDADA,APROBADA,2025-11-23,USR-01,2025-11-07,16.0,LIQUIDADA -> APROBADA
LQ-202510-0074,APROBADA,FACTURADA,2025-11-30,USR-05,2025-11-23,7.0,APROBADA -> FACTURADA
LQ-202510-0075,,BORRADOR,2025-11-01,USR-04,,,INICIO -> BORRADOR
LQ-202510-0075,BORRADOR,LIQUIDADA,2025-11-04,USR-03,2025-11-01,3.0,BORRADOR -> LIQUIDADA
LQ-202510-0075,LIQUIDADA,APROBADA,2025-11-17,USR-05,2025-11-04,13.0,LIQUIDADA -> APROBADA
LQ-202510-0075,APROBADA,ANULADA,2025-11-27,USR-01,2025-11-17,10.0,APROBADA -> ANULADA
LQ-202510-0077,,BORRADOR,2025-11-03,USR-05,,,INICIO -> BORRADOR
LQ-202510-0077,BORRADOR,LIQUIDADA,2025-11-06,USR-06,2025-11-03,3.0,BORRADOR -> LIQUIDADA
LQ-202510-0077,LIQUIDADA,APROBADA,2025-11-17,USR-04,2025-11-06,11.0,LIQUIDADA -> APROBADA
LQ-202510-0077,APROBADA,FACTURADA,2025-11-25,USR-02,2025-11-17,8.0,APROBADA -> FACTURADA
LQ-202510-0078,,BORRADOR,2025-11-05,USR-03,,,INICIO -> BORRADOR
LQ-202510-0078,BORRADOR,LIQUIDADA,2025-11-08,USR-01,2025-11-05,3.0,BORRADOR -> LIQUIDADA
LQ-202510-0078,LIQUIDADA,APROBADA,2025-11-17,USR-04,2025-11-08,9.0,LIQUIDADA -> APROBADA
LQ-202510-0078,APROBADA,FACTURADA,2025-11-22,USR-01,2025-11-17,5.0,APROBADA -> FACTURADA
LQ-202511-0079,,BORRADOR,2025-12-01,USR-05,,,INICIO -> BORRADOR
LQ-202511-0079,BORRADOR,LIQUIDADA,2025-12-03,USR-04,2025-12-01,2.0,BORRADOR -> LIQUIDADA
LQ-202511-0079,LIQUIDADA,APROBADA,2025-12-10,USR-04,2025-12-03,7.0,LIQUIDADA -> APROBADA
LQ-202511-0079,APROBADA,FACTURADA,2025-12-13,USR-05,2025-12-10,3.0,APROBADA -> FACTURADA
LQ-202511-0080,,BORRADOR,2025-12-04,USR-03,,,INICIO -> BORRADOR
LQ-202511-0080,BORRADOR,LIQUIDADA,2025-12-07,USR-03,2025-12-04,3.0,BORRADOR -> LIQUIDADA
LQ-202511-0080,LIQUIDADA,APROBADA,2025-12-30,USR-02,2025-12-07,23.0,LIQUIDADA -> APROBADA
LQ-202511-0080,APROBADA,FACTURADA,2026-01-03,USR-05,2025-12-30,4.0,APROBADA -> FACTURADA
LQ-202511-0081,,BORRADOR,2025-12-03,USR-06,,,INICIO -> BORRADOR
LQ-202511-0081,BORRADOR,LIQUIDADA,2025-12-05,USR-01,2025-12-03,2.0,BORRADOR -> LIQUIDADA
LQ-202511-0081,LIQUIDADA,APROBADA,2025-12-22,USR-01,2025-12-05,17.0,LIQUIDADA -> APROBADA
LQ-202511-0081,APROBADA,FACTURADA,2025-12-26,USR-03,2025-12-22,4.0,APROBADA -> FACTURADA
LQ-202511-0082,,BORRADOR,2025-12-02,USR-02,,,INICIO -> BORRADOR
LQ-202511-0082,BORRADOR,LIQUIDADA,2025-12-06,USR-04,2025-12-02,4.0,BORRADOR -> LIQUIDADA
LQ-202511-0082,LIQUIDADA,APROBADA,2025-12-27,USR-04,2025-12-06,21.0,LIQUIDADA -> APROBADA
LQ-202511-0082,APROBADA,FACTURADA,2025-12-30,USR-01,2025-12-27,3.0,APROBADA -> FACTURADA
LQ-202511-0083,,BORRADOR,2025-12-01,USR-05,,,INICIO -> BORRADOR
LQ-202511-0083,BORRADOR,LIQUIDADA,2025-12-06,USR-02,2025-12-01,5.0,BORRADOR -> LIQUIDADA
LQ-202511-0083,LIQUIDADA,APROBADA,2025-12-16,USR-02,2025-12-06,10.0,LIQUIDADA -> APROBADA
LQ-202512-0084,,BORRADOR,2026-01-04,USR-02,,,INICIO -> BORRADOR
LQ-202512-0084,BORRADOR,LIQUIDADA,2026-01-08,USR-02,2026-01-04,4.0,BORRADOR -> LIQUIDADA
LQ-202512-0084,LIQUIDADA,APROBADA,2026-01-15,USR-03,2026-01-08,7.0,LIQUIDADA -> APROBADA
LQ-202512-0084,APROBADA,FACTURADA,2026-01-18,USR-04,2026-01-15,3.0,APROBADA -> FACTURADA
LQ-202512-0085,,BORRADOR,2026-01-04,USR-01,,,INICIO -> BORRADOR
LQ-202512-0085,BORRADOR,LIQUIDADA,2026-01-05,USR-01,2026-01-04,1.0,BORRADOR -> LIQUIDADA
LQ-202512-0085,LIQUIDADA,APROBADA,2026-01-08,USR-05,2026-01-05,3.0,LIQUIDADA -> APROBADA
LQ-202512-0085,APROBADA,FACTURADA,2026-01-13,USR-06,2026-01-08,5.0,APROBADA -> FACTURADA
LQ-202512-0086,,BORRADOR,2026-01-06,USR-06,,,INICIO -> BORRADOR
LQ-202512-0086,BORRADOR,LIQUIDADA,2026-01-09,USR-05,2026-01-06,3.0,BORRADOR -> LIQUIDADA
LQ-202512-0086,LIQUIDADA,APROBADA,2026-02-04,USR-04,2026-01-09,26.0,LIQUIDADA -> APROBADA
LQ-202512-0086,APROBADA,FACTURADA,2026-02-06,USR-04,2026-02-04,2.0,APROBADA -> FACTURADA
LQ-202512-0087,,BORRADOR,2026-01-03,USR-04,,,INICIO -> BORRADOR
LQ-202512-0087,BORRADOR,LIQUIDADA,2026-01-08,USR-03,2026-01-03,5.0,BORRADOR -> LIQUIDADA
LQ-202512-0087,LIQUIDADA,APROBADA,2026-01-23,USR-01,2026-01-08,15.0,LIQUIDADA -> APROBADA
LQ-202512-0088,,BORRADOR,2026-01-05,USR-02,,,INICIO -> BORRADOR
LQ-202512-0088,BORRADOR,LIQUIDADA,2026-01-06,USR-04,2026-01-05,1.0,BORRADOR -> LIQUIDADA
LQ-202512-0088,LIQUIDADA,APROBADA,2026-01-12,USR-05,2026-01-06,6.0,LIQUIDADA -> APROBADA
LQ-202512-0088,APROBADA,FACTURADA,2026-01-18,USR-05,2026-01-12,6.0,APROBADA -> FACTURADA
LQ-202512-0089,,BORRADOR,2026-01-03,USR-03,,,INICIO -> BORRADOR
LQ-202512-0089,BORRADOR,LIQUIDADA,2026-01-05,USR-02,2026-01-03,2.0,BORRADOR -> LIQUIDADA
LQ-202512-0089,LIQUIDADA,APROBADA,2026-01-18,USR-06,2026-01-05,13.0,LIQUIDADA -> APROBADA
LQ-202601-0090,,BORRADOR,2026-02-03,USR-06,,,INICIO -> BORRADOR
LQ-202601-0090,BORRADOR,LIQUIDADA,2026-02-07,USR-03,2026-02-03,4.0,BORRADOR -> LIQUIDADA
LQ-202601-0090,LIQUIDADA,APROBADA,2026-02-20,USR-02,2026-02-07,13.0,LIQUIDADA -> APROBADA
LQ-202601-0090,APROBADA,FACTURADA,2026-02-25,USR-06,2026-02-20,5.0,APROBADA -> FACTURADA
LQ-202601-0091,,BORRADOR,2026-02-02,USR-03,,,INICIO -> BORRADOR
LQ-202601-0091,BORRADOR,LIQUIDADA,2026-02-05,USR-06,2026-02-02,3.0,BORRADOR -> LIQUIDADA
LQ-202601-0091,LIQUIDADA,ANULADA,2026-02-14,USR-04,2026-02-05,9.0,LIQUIDADA -> ANULADA
LQ-202601-0092,,BORRADOR,2026-02-01,USR-04,,,INICIO -> BORRADOR
LQ-202601-0092,BORRADOR,LIQUIDADA,2026-02-04,USR-05,2026-02-01,3.0,BORRADOR -> LIQUIDADA
LQ-202601-0092,LIQUIDADA,APROBADA,2026-02-19,USR-02,2026-02-04,15.0,LIQUIDADA -> APROBADA
LQ-202601-0092,APROBADA,FACTURADA,2026-02-25,USR-05,2026-02-19,6.0,APROBADA -> FACTURADA
LQ-202601-0093,,BORRADOR,2026-02-01,USR-03,,,INICIO -> BORRADOR
LQ-202601-0093,BORRADOR,LIQUIDADA,2026-02-02,USR-06,2026-02-01,1.0,BORRADOR -> LIQUIDADA
LQ-202601-0094,,BORRADOR,2026-02-06,USR-06,,,INICIO -> BORRADOR
LQ-202601-0094,BORRADOR,LIQUIDADA,2026-02-09,USR-05,2026-02-06,3.0,BORRADOR -> LIQUIDADA
LQ-202601-0094,LIQUIDADA,APROBADA,2026-02-10,USR-03,2026-02-09,1.0,LIQUIDADA -> APROBADA
LQ-202601-0094,APROBADA,FACTURADA,2026-02-18,USR-02,2026-02-10,8.0,APROBADA -> FACTURADA
LQ-202601-0095,,BORRADOR,2026-02-04,USR-02,,,INICIO -> BORRADOR
LQ-202601-0095,BORRADOR,LIQUIDADA,2026-02-06,USR-06,2026-02-04,2.0,BORRADOR -> LIQUIDADA
LQ-202602-0096,,BORRADOR,2026-03-02,USR-06,,,INICIO -> BORRADOR
LQ-202602-0096,BORRADOR,LIQUIDADA,2026-03-05,USR-03,2026-03-02,3.0,BORRADOR -> LIQUIDADA
LQ-202602-0096,LIQUIDADA,APROBADA,2026-03-22,USR-06,2026-03-05,17.0,LIQUIDADA -> APROBADA
LQ-202602-0096,APROBADA,FACTURADA,2026-03-24,USR-03,2026-03-22,2.0,APROBADA -> FACTURADA
LQ-202602-0097,,BORRADOR,2026-03-04,USR-02,,,INICIO -> BORRADOR
LQ-202602-0097,BORRADOR,LIQUIDADA,2026-03-09,USR-04,2026-03-04,5.0,BORRADOR -> LIQUIDADA
LQ-202602-0097,LIQUIDADA,APROBADA,2026-03-25,USR-05,2026-03-09,16.0,LIQUIDADA -> APROBADA
LQ-202602-0097,APROBADA,FACTURADA,2026-03-29,USR-05,2026-03-25,4.0,APROBADA -> FACTURADA
LQ-202602-0098,,BORRADOR,2026-03-05,USR-04,,,INICIO -> BORRADOR
LQ-202602-0098,BORRADOR,LIQUIDADA,2026-03-07,USR-05,2026-03-05,2.0,BORRADOR -> LIQUIDADA
LQ-202602-0098,LIQUIDADA,APROBADA,2026-03-12,USR-04,2026-03-07,5.0,LIQUIDADA -> APROBADA
LQ-202602-0098,APROBADA,FACTURADA,2026-03-17,USR-03,2026-03-12,5.0,APROBADA -> FACTURADA
LQ-202602-0099,,BORRADOR,2026-03-01,USR-04,,,INICIO -> BORRADOR
LQ-202602-0099,BORRADOR,LIQUIDADA,2026-03-03,USR-04,2026-03-01,2.0,BORRADOR -> LIQUIDADA
LQ-202602-0100,,BORRADOR,2026-03-03,USR-02,,,INICIO -> BORRADOR
LQ-202602-0100,BORRADOR,LIQUIDADA,2026-03-07,USR-05,2026-03-03,4.0,BORRADOR -> LIQUIDADA
LQ-202602-0100,LIQUIDADA,APROBADA,2026-03-17,USR-05,2026-03-07,10.0,LIQUIDADA -> APROBADA
LQ-202602-0101,,BORRADOR,2026-03-01,USR-06,,,INICIO -> BORRADOR
LQ-202602-0101,BORRADOR,LIQUIDADA,2026-03-04,USR-03,2026-03-01,3.0,BORRADOR -> LIQUIDADA
LQ-202602-0101,LIQUIDADA,APROBADA,2026-03-21,USR-06,2026-03-04,17.0,LIQUIDADA -> APROBADA
LQ-202602-0101,APROBADA,FACTURADA,2026-03-26,USR-02,2026-03-21,5.0,APROBADA -> FACTURADA
LQ-202603-0102,,BORRADOR,2026-04-06,USR-01,,,INICIO -> BORRADOR
LQ-202603-0102,BORRADOR,LIQUIDADA,2026-04-08,USR-06,2026-04-06,2.0,BORRADOR -> LIQUIDADA
LQ-202603-0102,LIQUIDADA,APROBADA,2026-04-12,USR-01,2026-04-08,4.0,LIQUIDADA -> APROBADA
LQ-202603-0102,APROBADA,FACTURADA,2026-04-17,USR-04,2026-04-12,5.0,APROBADA -> FACTURADA
LQ-202603-0103,,BORRADOR,2026-04-05,USR-01,,,INICIO -> BORRADOR
LQ-202603-0103,BORRADOR,LIQUIDADA,2026-04-07,USR-03,2026-04-05,2.0,BORRADOR -> LIQUIDADA
LQ-202603-0104,,BORRADOR,2026-04-06,USR-01,,,INICIO -> BORRADOR
LQ-202603-0104,BORRADOR,LIQUIDADA,2026-04-08,USR-01,2026-04-06,2.0,BORRADOR -> LIQUIDADA
LQ-202603-0104,LIQUIDADA,APROBADA,2026-04-14,USR-06,2026-04-08,6.0,LIQUIDADA -> APROBADA
LQ-202603-0105,,BORRADOR,2026-04-05,USR-04,,,INICIO -> BORRADOR
LQ-202603-0105,BORRADOR,LIQUIDADA,2026-04-08,USR-02,2026-04-05,3.0,BORRADOR -> LIQUIDADA
LQ-202603-0106,,BORRADOR,2026-04-02,USR-02,,,INICIO -> BORRADOR
LQ-202603-0106,BORRADOR,LIQUIDADA,2026-04-06,USR-05,2026-04-02,4.0,BORRADOR -> LIQUIDADA
LQ-202603-0106,LIQUIDADA,APROBADA,2026-04-12,USR-06,2026-04-06,6.0,LIQUIDADA -> APROBADA
LQ-202603-0106,APROBADA,FACTURADA,2026-04-14,USR-06,2026-04-12,2.0,APROBADA -> FACTURADA
LQ-202604-0108,,BORRADOR,2026-05-03,USR-03,,,INICIO -> BORRADOR
LQ-202604-0108,BORRADOR,LIQUIDADA,2026-05-05,USR-02,2026-05-03,2.0,BORRADOR -> LIQUIDADA
LQ-202604-0108,LIQUIDADA,APROBADA,2026-05-18,USR-02,2026-05-05,13.0,LIQUIDADA -> APROBADA
LQ-202604-0109,,BORRADOR,2026-05-05,USR-01,,,INICIO -> BORRADOR
LQ-202604-0109,BORRADOR,LIQUIDADA,2026-05-09,USR-01,2026-05-05,4.0,BORRADOR -> LIQUIDADA
LQ-202604-0109,LIQUIDADA,APROBADA,2026-06-05,USR-01,2026-05-09,27.0,LIQUIDADA -> APROBADA
LQ-202604-0110,,BORRADOR,2026-05-04,USR-03,,,INICIO -> BORRADOR
LQ-202604-0110,BORRADOR,LIQUIDADA,2026-05-08,USR-02,2026-05-04,4.0,BORRADOR -> LIQUIDADA
LQ-202604-0110,LIQUIDADA,APROBADA,2026-05-19,USR-05,2026-05-08,11.0,LIQUIDADA -> APROBADA
LQ-202604-0110,APROBADA,FACTURADA,2026-05-26,USR-01,2026-05-19,7.0,APROBADA -> FACTURADA
LQ-202604-0111,,BORRADOR,2026-05-02,USR-01,,,INICIO -> BORRADOR
LQ-202604-0111,BORRADOR,LIQUIDADA,2026-05-03,USR-04,2026-05-02,1.0,BORRADOR -> LIQUIDADA
LQ-202604-0111,LIQUIDADA,ANULADA,2026-05-05,USR-04,2026-05-03,2.0,LIQUIDADA -> ANULADA
LQ-202604-0112,,BORRADOR,2026-05-01,USR-01,,,INICIO -> BORRADOR
LQ-202604-0112,BORRADOR,LIQUIDADA,2026-05-07,USR-01,2026-05-01,6.0,BORRADOR -> LIQUIDADA
LQ-202604-0112,LIQUIDADA,APROBADA,2026-05-17,USR-05,2026-05-07,10.0,LIQUIDADA -> APROBADA
LQ-202604-0112,APROBADA,FACTURADA,2026-05-21,USR-01,2026-05-17,4.0,APROBADA -> FACTURADA
LQ-202605-0113,,BORRADOR,2026-06-03,USR-06,,,INICIO -> BORRADOR
LQ-202605-0113,BORRADOR,LIQUIDADA,2026-06-08,USR-04,2026-06-03,5.0,BORRADOR -> LIQUIDADA
LQ-202605-0113,LIQUIDADA,APROBADA,2026-06-19,USR-02,2026-06-08,11.0,LIQUIDADA -> APROBADA
LQ-202605-0114,,BORRADOR,2026-06-03,USR-02,,,INICIO -> BORRADOR
LQ-202605-0114,BORRADOR,LIQUIDADA,2026-06-06,USR-03,2026-06-03,3.0,BORRADOR -> LIQUIDADA
LQ-202605-0114,LIQUIDADA,APROBADA,2026-06-26,USR-04,2026-06-06,20.0,LIQUIDADA -> APROBADA
LQ-202605-0114,APROBADA,FACTURADA,2026-07-01,USR-04,2026-06-26,5.0,APROBADA -> FACTURADA
LQ-202605-0115,,BORRADOR,2026-06-04,USR-03,,,INICIO -> BORRADOR
LQ-202605-0115,BORRADOR,LIQUIDADA,2026-06-06,USR-05,2026-06-04,2.0,BORRADOR -> LIQUIDADA
LQ-202605-0116,,BORRADOR,2026-06-06,USR-02,,,INICIO -> BORRADOR
LQ-202605-0116,BORRADOR,LIQUIDADA,2026-06-10,USR-02,2026-06-06,4.0,BORRADOR -> LIQUIDADA
LQ-202605-0117,,BORRADOR,2026-06-03,USR-03,,,INICIO -> BORRADOR
LQ-202605-0117,BORRADOR,LIQUIDADA,2026-06-04,USR-06,2026-06-03,1.0,BORRADOR -> LIQUIDADA
LQ-202605-0117,LIQUIDADA,APROBADA,2026-06-22,USR-03,2026-06-04,18.0,LIQUIDADA -> APROBADA
LQ-202606-0118,,BORRADOR,2026-07-06,USR-03,,,INICIO -> BORRADOR
LQ-202606-0118,BORRADOR,LIQUIDADA,2026-07-08,USR-01,2026-07-06,2.0,BORRADOR -> LIQUIDADA
LQ-202606-0120,,BORRADOR,2026-07-02,USR-05,,,INICIO -> BORRADOR
LQ-202606-0120,BORRADOR,LIQUIDADA,2026-07-07,USR-03,2026-07-02,5.0,BORRADOR -> LIQUIDADA
LQ-202606-0120,LIQUIDADA,APROBADA,2026-07-17,USR-03,2026-07-07,10.0,LIQUIDADA -> APROBADA
LQ-202606-0120,APROBADA,FACTURADA,2026-07-20,USR-05,2026-07-17,3.0,APROBADA -> FACTURADA
LQ-202606-0121,,BORRADOR,2026-07-04,USR-01,,,INICIO -> BORRADOR
LQ-202606-0121,BORRADOR,LIQUIDADA,2026-07-09,USR-01,2026-07-04,5.0,BORRADOR -> LIQUIDADA
LQ-202606-0122,,BORRADOR,2026-07-04,USR-05,,,INICIO -> BORRADOR
LQ-202606-0122,BORRADOR,LIQUIDADA,2026-07-06,USR-05,2026-07-04,2.0,BORRADOR -> LIQUIDADA
LQ-202606-0122,LIQUIDADA,APROBADA,2026-07-20,USR-02,2026-07-06,14.0,LIQUIDADA -> APROBADA
LQ-202607-0123,,BORRADOR,2026-08-02,USR-05,,,INICIO -> BORRADOR
LQ-202607-0123,BORRADOR,LIQUIDADA,2026-08-03,USR-04,2026-08-02,1.0,BORRADOR -> LIQUIDADA
LQ-202607-0123,LIQUIDADA,APROBADA,2026-08-14,USR-02,2026-08-03,11.0,LIQUIDADA -> APROBADA
LQ-202607-0123,APROBADA,FACTURADA,2026-08-18,USR-03,2026-08-14,4.0,APROBADA -> FACTURADA
LQ-202607-0124,,BORRADOR,2026-08-04,USR-04,,,INICIO -> BORRADOR
LQ-202607-0124,BORRADOR,LIQUIDADA,2026-08-08,USR-06,2026-08-04,4.0,BORRADOR -> LIQUIDADA
LQ-202607-0124,LIQUIDADA,APROBADA,2026-08-20,USR-06,2026-08-08,12.0,LIQUIDADA -> APROBADA
LQ-202607-0124,APROBADA,FACTURADA,2026-08-29,USR-06,2026-08-20,9.0,APROBADA -> FACTURADA
LQ-202607-0125,,BORRADOR,2026-08-04,USR-03,,,INICIO -> BORRADOR
LQ-202607-0125,BORRADOR,LIQUIDADA,2026-08-08,USR-02,2026-08-04,4.0,BORRADOR -> LIQUIDADA
LQ-202607-0126,,BORRADOR,2026-08-04,USR-04,,,INICIO -> BORRADOR
LQ-202607-0126,BORRADOR,LIQUIDADA,2026-08-06,USR-02,2026-08-04,2.0,BORRADOR -> LIQUIDADA
LQ-202607-0127,,BORRADOR,2026-08-04,USR-06,,,INICIO -> BORRADOR
LQ-202607-0127,BORRADOR,LIQUIDADA,2026-08-05,USR-06,2026-08-04,1.0,BORRADOR -> LIQUIDADA
LQ-202607-0127,LIQUIDADA,APROBADA,2026-08-11,USR-02,2026-08-05,6.0,LIQUIDADA -> APROBADA
LQ-202608-0130,,BORRADOR,2026-09-01,USR-02,,,INICIO -> BORRADOR
LQ-202608-0130,BORRADOR,LIQUIDADA,2026-09-04,USR-06,2026-09-01,3.0,BORRADOR -> LIQUIDADA
LQ-202608-0130,LIQUIDADA,APROBADA,2026-09-06,USR-03,2026-09-04,2.0,LIQUIDADA -> APROBADA
LQ-202608-0131,,BORRADOR,2026-09-03,USR-06,,,INICIO -> BORRADOR
LQ-202608-0131,BORRADOR,LIQUIDADA,2026-09-06,USR-02,2026-09-03,3.0,BORRADOR -> LIQUIDADA
LQ-202608-0132,,BORRADOR,2026-09-06,USR-03,,,INICIO -> BORRADOR
LQ-202608-0132,BORRADOR,LIQUIDADA,2026-09-10,USR-02,2026-09-06,4.0,BORRADOR -> LIQUIDADA
LQ-202608-0132,LIQUIDADA,APROBADA,2026-09-15,USR-01,2026-09-10,5.0,LIQUIDADA -> APROBADA
LQ-202608-0133,,BORRADOR,2026-09-03,USR-04,,,INICIO -> BORRADOR
LQ-202608-0133,BORRADOR,LIQUIDADA,2026-09-09,USR-02,2026-09-03,6.0,BORRADOR -> LIQUIDADA
LQ-202608-0134,,BORRADOR,2026-09-03,USR-02,,,INICIO -> BORRADOR
LQ-202608-0134,BORRADOR,LIQUIDADA,2026-09-07,USR-03,2026-09-03,4.0,BORRADOR -> LIQUIDADA
LQ-202608-0134,LIQUIDADA,APROBADA,2026-09-15,USR-04,2026-09-07,8.0,LIQUIDADA -> APROBADA
